"","ref_date","geo","products_and_product_groups","value","value_fd","value_pc"
"1","2010","Alberta","All-items",122.7,1.2,0.988
"2","2010","Alberta","Food",121.8,1.3,1.079
"3","2010","Alberta","Shelter",147.6,0.2,0.136
"4","2010","British Columbia","All-items",113.8,1.5,1.336
"5","2010","British Columbia","Food",119.6,1.9,1.614
"6","2010","British Columbia","Shelter",113.1,0.8,0.712
"7","2010","Calgary, Alberta","All-items",122.7,1,0.822
"8","2010","Calgary, Alberta","Shelter",145.8,-0.1,-0.069
"9","2010","Canada","All-items",116.5,2.1,1.836
"10","2010","Canada","Food",123.1,1.7,1.4
"11","2010","Canada","Shelter",123.3,1.7,1.398
"12","2010","Charlottetown and Summerside, Prince Edward Island","All-items",119.2,2.1,1.793
"13","2010","Charlottetown and Summerside, Prince Edward Island","Shelter",123.3,1.8,1.481
"14","2010","Edmonton, Alberta","All-items",122.9,1.3,1.069
"15","2010","Edmonton, Alberta","Shelter",148.3,0.5,0.338
"16","2010","Halifax, Nova Scotia","All-items",117.6,2.3,1.995
"17","2010","Halifax, Nova Scotia","Shelter",122.7,1,0.822
"18","2010","Iqaluit, Nunavut","All-items",111.8,-0.8,-0.71
"19","2010","Manitoba","All-items",115,0.9,0.789
"20","2010","Manitoba","Food",122.5,0.1,0.082
"21","2010","Manitoba","Shelter",121.9,-0.3,-0.245
"22","2010","Montréal, Quebec","All-items",114.8,1.3,1.145
"23","2010","Montréal, Quebec","Shelter",120.3,0.8,0.669
"24","2010","New Brunswick","All-items",115.9,2.4,2.115
"25","2010","New Brunswick","Food",126.9,2.3,1.846
"26","2010","New Brunswick","Shelter",122.6,1.9,1.574
"27","2010","Newfoundland and Labrador","All-items",117.4,2.8,2.443
"28","2010","Newfoundland and Labrador","Food",123.6,2.4,1.98
"29","2010","Newfoundland and Labrador","Shelter",132.2,4,3.12
"30","2010","Nova Scotia","All-items",118.2,2.5,2.161
"31","2010","Nova Scotia","Food",128.2,2.4,1.908
"32","2010","Nova Scotia","Shelter",125.5,1.5,1.21
"33","2010","Ontario","All-items",116.5,2.8,2.463
"34","2010","Ontario","Food",123.2,1.8,1.483
"35","2010","Ontario","Shelter",121.3,2.7,2.277
"36","2010","Ottawa-Gatineau, Ontario part, Ontario/Quebec","All-items",116.6,2.9,2.551
"37","2010","Ottawa-Gatineau, Ontario part, Ontario/Quebec","Shelter",124,3.1,2.564
"38","2010","Prince Edward Island","All-items",119.5,2.2,1.876
"39","2010","Prince Edward Island","Food",126.4,1.8,1.445
"40","2010","Prince Edward Island","Shelter",125.9,2.1,1.696
"41","2010","Quebec","All-items",114.8,1.4,1.235
"42","2010","Quebec","Food",124.8,1.7,1.381
"43","2010","Quebec","Shelter",121,0.9,0.749
"44","2010","Québec, Quebec","All-items",114.8,1.6,1.413
"45","2010","Québec, Quebec","Shelter",121.3,1.4,1.168
"46","2010","Regina, Saskatchewan","All-items",118.9,1.7,1.451
"47","2010","Regina, Saskatchewan","Shelter",140.1,1.9,1.375
"48","2010","Saint John, New Brunswick","All-items",116.3,2.6,2.287
"49","2010","Saint John, New Brunswick","Shelter",124.9,2.6,2.126
"50","2010","Saskatchewan","All-items",118.7,1.6,1.366
"51","2010","Saskatchewan","Food",123.1,0.9,0.736
"52","2010","Saskatchewan","Shelter",140.4,1.1,0.79
"53","2010","Saskatoon, Saskatchewan","All-items",119.6,1.4,1.184
"54","2010","Saskatoon, Saskatchewan","Shelter",142,0.8,0.567
"55","2010","St. John's, Newfoundland and Labrador","All-items",117.4,2.7,2.354
"56","2010","St. John's, Newfoundland and Labrador","Shelter",130.3,3.6,2.841
"57","2010","Thunder Bay, Ontario","All-items",112.8,2.3,2.081
"58","2010","Thunder Bay, Ontario","Shelter",106.2,1,0.951
"59","2010","Toronto, Ontario","All-items",116.5,2.9,2.553
"60","2010","Toronto, Ontario","Shelter",120.3,2.8,2.383
"61","2010","Vancouver, British Columbia","All-items",114.9,2,1.771
"62","2010","Vancouver, British Columbia","Shelter",115.7,2,1.759
"63","2010","Victoria, British Columbia","All-items",113.1,1.2,1.072
"64","2010","Victoria, British Columbia","Shelter",110.9,-0.3,-0.27
"65","2010","Whitehorse, Yukon","All-items",114.7,0.9,0.791
"66","2010","Whitehorse, Yukon","Food",117.2,0.6,0.515
"67","2010","Whitehorse, Yukon","Shelter",129,0.6,0.467
"68","2010","Winnipeg, Manitoba","All-items",114.8,0.9,0.79
"69","2010","Winnipeg, Manitoba","Shelter",121.1,-0.5,-0.411
"70","2010","Yellowknife, Northwest Territories","All-items",117.9,2,1.726
"71","2010","Yellowknife, Northwest Territories","Food",119.8,2.9,2.481
"72","2010","Yellowknife, Northwest Territories","Shelter",135.1,2.3,1.732
"73","2011","Alberta","All-items",125.7,3,2.445
"74","2011","Alberta","Food",125.6,3.8,3.12
"75","2011","Alberta","Shelter",152.1,4.5,3.049
"76","2011","British Columbia","All-items",116.5,2.7,2.373
"77","2011","British Columbia","Food",124.6,5,4.181
"78","2011","British Columbia","Shelter",114.3,1.2,1.061
"79","2011","Calgary, Alberta","All-items",125.4,2.7,2.2
"80","2011","Calgary, Alberta","Shelter",149.2,3.4,2.332
"81","2011","Canada","All-items",119.9,3.4,2.918
"82","2011","Canada","Food",127.7,4.6,3.737
"83","2011","Canada","Shelter",125.6,2.3,1.865
"84","2011","Charlottetown and Summerside, Prince Edward Island","All-items",122.4,3.2,2.685
"85","2011","Charlottetown and Summerside, Prince Edward Island","Shelter",126,2.7,2.19
"86","2011","Edmonton, Alberta","All-items",126,3.1,2.522
"87","2011","Edmonton, Alberta","Shelter",153.3,5,3.372
"88","2011","Halifax, Nova Scotia","All-items",121.7,4.1,3.486
"89","2011","Halifax, Nova Scotia","Shelter",127,4.3,3.504
"90","2011","Iqaluit, Nunavut","All-items",113.4,1.6,1.431
"91","2011","Manitoba","All-items",118.4,3.4,2.957
"92","2011","Manitoba","Food",127,4.5,3.673
"93","2011","Manitoba","Shelter",125.1,3.2,2.625
"94","2011","Montréal, Quebec","All-items",118,3.2,2.787
"95","2011","Montréal, Quebec","Shelter",122.3,2,1.663
"96","2011","New Brunswick","All-items",120,4.1,3.538
"97","2011","New Brunswick","Food",132.8,5.9,4.649
"98","2011","New Brunswick","Shelter",125,2.4,1.958
"99","2011","Newfoundland and Labrador","All-items",121.4,4,3.407
"100","2011","Newfoundland and Labrador","Food",128.1,4.5,3.641
"101","2011","Newfoundland and Labrador","Shelter",139.9,7.7,5.825
"102","2011","Nova Scotia","All-items",122.7,4.5,3.807
"103","2011","Nova Scotia","Food",134.1,5.9,4.602
"104","2011","Nova Scotia","Shelter",131.2,5.7,4.542
"105","2011","Ontario","All-items",120.1,3.6,3.09
"106","2011","Ontario","Food",128.1,4.9,3.977
"107","2011","Ontario","Shelter",123.1,1.8,1.484
"108","2011","Ottawa-Gatineau, Ontario part, Ontario/Quebec","All-items",120.1,3.5,3.002
"109","2011","Ottawa-Gatineau, Ontario part, Ontario/Quebec","Shelter",125.8,1.8,1.452
"110","2011","Prince Edward Island","All-items",123,3.5,2.929
"111","2011","Prince Edward Island","Food",132,5.6,4.43
"112","2011","Prince Edward Island","Shelter",128.9,3,2.383
"113","2011","Quebec","All-items",118.3,3.5,3.049
"114","2011","Quebec","Food",129.2,4.4,3.526
"115","2011","Quebec","Shelter",123.1,2.1,1.736
"116","2011","Québec, Quebec","All-items",118.2,3.4,2.962
"117","2011","Québec, Quebec","Shelter",123,1.7,1.401
"118","2011","Regina, Saskatchewan","All-items",122.4,3.5,2.944
"119","2011","Regina, Saskatchewan","Shelter",144.3,4.2,2.998
"120","2011","Saint John, New Brunswick","All-items",120.2,3.9,3.353
"121","2011","Saint John, New Brunswick","Shelter",127.6,2.7,2.162
"122","2011","Saskatchewan","All-items",122,3.3,2.78
"123","2011","Saskatchewan","Food",128.2,5.1,4.143
"124","2011","Saskatchewan","Shelter",143.9,3.5,2.493
"125","2011","Saskatoon, Saskatchewan","All-items",122.6,3,2.508
"126","2011","Saskatoon, Saskatchewan","Shelter",144.5,2.5,1.761
"127","2011","St. John's, Newfoundland and Labrador","All-items",121.3,3.9,3.322
"128","2011","St. John's, Newfoundland and Labrador","Shelter",137.4,7.1,5.449
"129","2011","Thunder Bay, Ontario","All-items",116.3,3.5,3.103
"130","2011","Thunder Bay, Ontario","Shelter",108.2,2,1.883
"131","2011","Toronto, Ontario","All-items",120,3.5,3.004
"132","2011","Toronto, Ontario","Shelter",122.2,1.9,1.579
"133","2011","Vancouver, British Columbia","All-items",117.5,2.6,2.263
"134","2011","Vancouver, British Columbia","Shelter",117.1,1.4,1.21
"135","2011","Victoria, British Columbia","All-items",115.5,2.4,2.122
"136","2011","Victoria, British Columbia","Shelter",111.9,1,0.902
"137","2011","Whitehorse, Yukon","All-items",118.1,3.4,2.964
"138","2011","Whitehorse, Yukon","Food",120.2,3,2.56
"139","2011","Whitehorse, Yukon","Shelter",134.8,5.8,4.496
"140","2011","Winnipeg, Manitoba","All-items",118.1,3.3,2.875
"141","2011","Winnipeg, Manitoba","Shelter",124,2.9,2.395
"142","2011","Yellowknife, Northwest Territories","All-items",121.6,3.7,3.138
"143","2011","Yellowknife, Northwest Territories","Food",122.9,3.1,2.588
"144","2011","Yellowknife, Northwest Territories","Shelter",140.5,5.4,3.997
"145","2012","Alberta","All-items",127.1,1.4,1.114
"146","2012","Alberta","Food",128.1,2.5,1.99
"147","2012","Alberta","Shelter",152.5,0.4,0.263
"148","2012","British Columbia","All-items",117.8,1.3,1.116
"149","2012","British Columbia","Food",127.3,2.7,2.167
"150","2012","British Columbia","Shelter",114.2,-0.1,-0.087
"151","2012","Calgary, Alberta","All-items",126.7,1.3,1.037
"152","2012","Calgary, Alberta","Shelter",149.3,0.1,0.067
"153","2012","Canada","All-items",121.7,1.8,1.501
"154","2012","Canada","Food",130.8,3.1,2.428
"155","2012","Canada","Shelter",127.1,1.5,1.194
"156","2012","Charlottetown and Summerside, Prince Edward Island","All-items",124.7,2.3,1.879
"157","2012","Charlottetown and Summerside, Prince Edward Island","Shelter",126.9,0.9,0.714
"158","2012","Edmonton, Alberta","All-items",127.4,1.4,1.111
"159","2012","Edmonton, Alberta","Shelter",154.2,0.9,0.587
"160","2012","Halifax, Nova Scotia","All-items",123.8,2.1,1.726
"161","2012","Halifax, Nova Scotia","Shelter",130,3,2.362
"162","2012","Iqaluit, Nunavut","All-items",115.3,1.9,1.675
"163","2012","Manitoba","All-items",120.3,1.9,1.605
"164","2012","Manitoba","Food",129.8,2.8,2.205
"165","2012","Manitoba","Shelter",127.5,2.4,1.918
"166","2012","Montréal, Quebec","All-items",120.4,2.4,2.034
"167","2012","Montréal, Quebec","Shelter",124,1.7,1.39
"168","2012","New Brunswick","All-items",122,2,1.667
"169","2012","New Brunswick","Food",137.3,4.5,3.389
"170","2012","New Brunswick","Shelter",125.8,0.8,0.64
"171","2012","Newfoundland and Labrador","All-items",123.9,2.5,2.059
"172","2012","Newfoundland and Labrador","Food",132.6,4.5,3.513
"173","2012","Newfoundland and Labrador","Shelter",144.8,4.9,3.503
"174","2012","Nova Scotia","All-items",125.1,2.4,1.956
"175","2012","Nova Scotia","Food",137.8,3.7,2.759
"176","2012","Nova Scotia","Shelter",135.2,4,3.049
"177","2012","Ontario","All-items",121.8,1.7,1.415
"178","2012","Ontario","Food",131,2.9,2.264
"179","2012","Ontario","Shelter",125,1.9,1.543
"180","2012","Ottawa-Gatineau, Ontario part, Ontario/Quebec","All-items",121.7,1.6,1.332
"181","2012","Ottawa-Gatineau, Ontario part, Ontario/Quebec","Shelter",127.6,1.8,1.431
"182","2012","Prince Edward Island","All-items",125.5,2.5,2.033
"183","2012","Prince Edward Island","Food",137.4,5.4,4.091
"184","2012","Prince Edward Island","Shelter",129.9,1,0.776
"185","2012","Quebec","All-items",120.8,2.5,2.113
"186","2012","Quebec","Food",132.4,3.2,2.477
"187","2012","Quebec","Shelter",125.1,2,1.625
"188","2012","Québec, Quebec","All-items",120.8,2.6,2.2
"189","2012","Québec, Quebec","Shelter",125.5,2.5,2.033
"190","2012","Regina, Saskatchewan","All-items",124.6,2.2,1.797
"191","2012","Regina, Saskatchewan","Shelter",148,3.7,2.564
"192","2012","Saint John, New Brunswick","All-items",122.1,1.9,1.581
"193","2012","Saint John, New Brunswick","Shelter",128.4,0.8,0.627
"194","2012","Saskatchewan","All-items",123.9,1.9,1.557
"195","2012","Saskatchewan","Food",131.2,3,2.34
"196","2012","Saskatchewan","Shelter",146.7,2.8,1.946
"197","2012","Saskatoon, Saskatchewan","All-items",124.4,1.8,1.468
"198","2012","Saskatoon, Saskatchewan","Shelter",146.6,2.1,1.453
"199","2012","St. John's, Newfoundland and Labrador","All-items",123.8,2.5,2.061
"200","2012","St. John's, Newfoundland and Labrador","Shelter",141.8,4.4,3.202
"201","2012","Thunder Bay, Ontario","All-items",117.4,1.1,0.946
"202","2012","Thunder Bay, Ontario","Shelter",108.2,0,0
"203","2012","Toronto, Ontario","All-items",121.8,1.8,1.5
"204","2012","Toronto, Ontario","Shelter",124.6,2.4,1.964
"205","2012","Vancouver, British Columbia","All-items",119,1.5,1.277
"206","2012","Vancouver, British Columbia","Shelter",117.5,0.4,0.342
"207","2012","Victoria, British Columbia","All-items",116.7,1.2,1.039
"208","2012","Victoria, British Columbia","Shelter",111,-0.9,-0.804
"209","2012","Whitehorse, Yukon","All-items",120.8,2.7,2.286
"210","2012","Whitehorse, Yukon","Food",123.3,3.1,2.579
"211","2012","Whitehorse, Yukon","Shelter",139.3,4.5,3.338
"212","2012","Winnipeg, Manitoba","All-items",119.9,1.8,1.524
"213","2012","Winnipeg, Manitoba","Shelter",126.2,2.2,1.774
"214","2012","Yellowknife, Northwest Territories","All-items",124.3,2.7,2.22
"215","2012","Yellowknife, Northwest Territories","Food",124.4,1.5,1.221
"216","2012","Yellowknife, Northwest Territories","Shelter",144.5,4,2.847
"217","2013","Alberta","All-items",128.9,1.8,1.416
"218","2013","Alberta","Food",130.8,2.7,2.108
"219","2013","Alberta","Shelter",156.3,3.8,2.492
"220","2013","British Columbia","All-items",117.7,-0.1,-0.085
"221","2013","British Columbia","Food",127.4,0.1,0.079
"222","2013","British Columbia","Shelter",113.3,-0.9,-0.788
"223","2013","Calgary, Alberta","All-items",128.8,2.1,1.657
"224","2013","Calgary, Alberta","Shelter",154.2,4.9,3.282
"225","2013","Canada","All-items",122.8,1.1,0.904
"226","2013","Canada","Food",132.4,1.6,1.223
"227","2013","Canada","Shelter",128.7,1.6,1.259
"228","2013","Charlottetown and Summerside, Prince Edward Island","All-items",127.2,2.5,2.005
"229","2013","Charlottetown and Summerside, Prince Edward Island","Shelter",129.7,2.8,2.206
"230","2013","Edmonton, Alberta","All-items",129,1.6,1.256
"231","2013","Edmonton, Alberta","Shelter",156.7,2.5,1.621
"232","2013","Halifax, Nova Scotia","All-items",125.2,1.4,1.131
"233","2013","Halifax, Nova Scotia","Shelter",132.6,2.6,2
"234","2013","Iqaluit, Nunavut","All-items",116.6,1.3,1.127
"235","2013","Manitoba","All-items",123,2.7,2.244
"236","2013","Manitoba","Food",133.1,3.3,2.542
"237","2013","Manitoba","Shelter",131.5,4,3.137
"238","2013","Montréal, Quebec","All-items",121.4,1,0.831
"239","2013","Montréal, Quebec","Shelter",125.2,1.2,0.968
"240","2013","New Brunswick","All-items",123,1,0.82
"241","2013","New Brunswick","Food",138.5,1.2,0.874
"242","2013","New Brunswick","Shelter",126.8,1,0.795
"243","2013","Newfoundland and Labrador","All-items",126,2.1,1.695
"244","2013","Newfoundland and Labrador","Food",134.5,1.9,1.433
"245","2013","Newfoundland and Labrador","Shelter",147.7,2.9,2.003
"246","2013","Nova Scotia","All-items",126.6,1.5,1.199
"247","2013","Nova Scotia","Food",139.6,1.8,1.306
"248","2013","Nova Scotia","Shelter",138.1,2.9,2.145
"249","2013","Ontario","All-items",123,1.2,0.985
"250","2013","Ontario","Food",132.9,1.9,1.45
"251","2013","Ontario","Shelter",126.9,1.9,1.52
"252","2013","Ottawa-Gatineau, Ontario part, Ontario/Quebec","All-items",122.9,1.2,0.986
"253","2013","Ottawa-Gatineau, Ontario part, Ontario/Quebec","Shelter",129.1,1.5,1.176
"254","2013","Prince Edward Island","All-items",128,2.5,1.992
"255","2013","Prince Edward Island","Food",138.8,1.4,1.019
"256","2013","Prince Edward Island","Shelter",133,3.1,2.386
"257","2013","Quebec","All-items",121.7,0.9,0.745
"258","2013","Quebec","Food",133.8,1.4,1.057
"259","2013","Quebec","Shelter",126.3,1.2,0.959
"260","2013","Québec, Quebec","All-items",121.9,1.1,0.911
"261","2013","Québec, Quebec","Shelter",126.8,1.3,1.036
"262","2013","Regina, Saskatchewan","All-items",126.7,2.1,1.685
"263","2013","Regina, Saskatchewan","Shelter",151.9,3.9,2.635
"264","2013","Saint John, New Brunswick","All-items",122.9,0.8,0.655
"265","2013","Saint John, New Brunswick","Shelter",129.3,0.9,0.701
"266","2013","Saskatchewan","All-items",125.7,1.8,1.453
"267","2013","Saskatchewan","Food",134,2.8,2.134
"268","2013","Saskatchewan","Shelter",149.4,2.7,1.84
"269","2013","Saskatoon, Saskatchewan","All-items",125.7,1.3,1.045
"270","2013","Saskatoon, Saskatchewan","Shelter",147.8,1.2,0.819
"271","2013","St. John's, Newfoundland and Labrador","All-items",125.8,2,1.616
"272","2013","St. John's, Newfoundland and Labrador","Shelter",144.4,2.6,1.834
"273","2013","Thunder Bay, Ontario","All-items",118.4,1,0.852
"274","2013","Thunder Bay, Ontario","Shelter",110.3,2.1,1.941
"275","2013","Toronto, Ontario","All-items",123.3,1.5,1.232
"276","2013","Toronto, Ontario","Shelter",126.7,2.1,1.685
"277","2013","Vancouver, British Columbia","All-items",119.2,0.2,0.168
"278","2013","Vancouver, British Columbia","Shelter",116.9,-0.6,-0.511
"279","2013","Victoria, British Columbia","All-items",116.3,-0.4,-0.343
"280","2013","Victoria, British Columbia","Shelter",109.9,-1.1,-0.991
"281","2013","Whitehorse, Yukon","All-items",122.8,2,1.656
"282","2013","Whitehorse, Yukon","Food",125.4,2.1,1.703
"283","2013","Whitehorse, Yukon","Shelter",143.5,4.2,3.015
"284","2013","Winnipeg, Manitoba","All-items",122.6,2.7,2.252
"285","2013","Winnipeg, Manitoba","Shelter",130.1,3.9,3.09
"286","2013","Yellowknife, Northwest Territories","All-items",126.2,1.9,1.529
"287","2013","Yellowknife, Northwest Territories","Food",128.1,3.7,2.974
"288","2013","Yellowknife, Northwest Territories","Shelter",146.8,2.3,1.592
"289","2014","Alberta","All-items",132.2,3.3,2.56
"290","2014","Alberta","Food",134.6,3.8,2.905
"291","2014","Alberta","Shelter",162.5,6.2,3.967
"292","2014","British Columbia","All-items",118.9,1.2,1.02
"293","2014","British Columbia","Food",129.5,2.1,1.648
"294","2014","British Columbia","Shelter",114.2,0.9,0.794
"295","2014","Calgary, Alberta","All-items",132.7,3.9,3.028
"296","2014","Calgary, Alberta","Shelter",162.7,8.5,5.512
"297","2014","Canada","All-items",125.2,2.4,1.954
"298","2014","Canada","Food",135.5,3.1,2.341
"299","2014","Canada","Shelter",132.2,3.5,2.72
"300","2014","Charlottetown and Summerside, Prince Edward Island","All-items",129.3,2.1,1.651
"301","2014","Charlottetown and Summerside, Prince Edward Island","Shelter",131.6,1.9,1.465
"302","2014","Edmonton, Alberta","All-items",131.8,2.8,2.171
"303","2014","Edmonton, Alberta","Shelter",160.4,3.7,2.361
"304","2014","Halifax, Nova Scotia","All-items",127.5,2.3,1.837
"305","2014","Halifax, Nova Scotia","Shelter",135.3,2.7,2.036
"306","2014","Iqaluit, Nunavut","All-items",118.1,1.5,1.286
"307","2014","Manitoba","All-items",125.3,2.3,1.87
"308","2014","Manitoba","Food",136.7,3.6,2.705
"309","2014","Manitoba","Shelter",135.4,3.9,2.966
"310","2014","Montréal, Quebec","All-items",123.2,1.8,1.483
"311","2014","Montréal, Quebec","Shelter",126.9,1.7,1.358
"312","2014","New Brunswick","All-items",124.8,1.8,1.463
"313","2014","New Brunswick","Food",141.1,2.6,1.877
"314","2014","New Brunswick","Shelter",129.2,2.4,1.893
"315","2014","Newfoundland and Labrador","All-items",128.4,2.4,1.905
"316","2014","Newfoundland and Labrador","Food",137.7,3.2,2.379
"317","2014","Newfoundland and Labrador","Shelter",150,2.3,1.557
"318","2014","Nova Scotia","All-items",128.8,2.2,1.738
"319","2014","Nova Scotia","Food",141.5,1.9,1.361
"320","2014","Nova Scotia","Shelter",141.1,3,2.172
"321","2014","Ontario","All-items",125.9,2.9,2.358
"322","2014","Ontario","Food",136.2,3.3,2.483
"323","2014","Ontario","Shelter",131.5,4.6,3.625
"324","2014","Ottawa-Gatineau, Ontario part, Ontario/Quebec","All-items",125.3,2.4,1.953
"325","2014","Ottawa-Gatineau, Ontario part, Ontario/Quebec","Shelter",132.2,3.1,2.401
"326","2014","Prince Edward Island","All-items",130.1,2.1,1.641
"327","2014","Prince Edward Island","Food",140.8,2,1.441
"328","2014","Prince Edward Island","Shelter",135.2,2.2,1.654
"329","2014","Quebec","All-items",123.4,1.7,1.397
"330","2014","Quebec","Food",136.8,3,2.242
"331","2014","Quebec","Shelter",128.1,1.8,1.425
"332","2014","Québec, Quebec","All-items",123.5,1.6,1.313
"333","2014","Québec, Quebec","Shelter",128.6,1.8,1.42
"334","2014","Regina, Saskatchewan","All-items",129.7,3,2.368
"335","2014","Regina, Saskatchewan","Shelter",156.5,4.6,3.028
"336","2014","Saint John, New Brunswick","All-items",124.7,1.8,1.465
"337","2014","Saint John, New Brunswick","Shelter",131.4,2.1,1.624
"338","2014","Saskatchewan","All-items",128.7,3,2.387
"339","2014","Saskatchewan","Food",138.1,4.1,3.06
"340","2014","Saskatchewan","Shelter",154.4,5,3.347
"341","2014","Saskatoon, Saskatchewan","All-items",128.6,2.9,2.307
"342","2014","Saskatoon, Saskatchewan","Shelter",152.2,4.4,2.977
"343","2014","St. John's, Newfoundland and Labrador","All-items",128.2,2.4,1.908
"344","2014","St. John's, Newfoundland and Labrador","Shelter",146.9,2.5,1.731
"345","2014","Thunder Bay, Ontario","All-items",121,2.6,2.196
"346","2014","Thunder Bay, Ontario","Shelter",113.8,3.5,3.173
"347","2014","Toronto, Ontario","All-items",126.4,3.1,2.514
"348","2014","Toronto, Ontario","Shelter",131.7,5,3.946
"349","2014","Vancouver, British Columbia","All-items",120.5,1.3,1.091
"350","2014","Vancouver, British Columbia","Shelter",117.7,0.8,0.684
"351","2014","Victoria, British Columbia","All-items",117.3,1,0.86
"352","2014","Victoria, British Columbia","Shelter",110.5,0.6,0.546
"353","2014","Whitehorse, Yukon","All-items",124.4,1.6,1.303
"354","2014","Whitehorse, Yukon","Food",129.4,4,3.19
"355","2014","Whitehorse, Yukon","Shelter",147.2,3.7,2.578
"356","2014","Winnipeg, Manitoba","All-items",124.9,2.3,1.876
"357","2014","Winnipeg, Manitoba","Shelter",134,3.9,2.998
"358","2014","Yellowknife, Northwest Territories","All-items",128.4,2.2,1.743
"359","2014","Yellowknife, Northwest Territories","Food",131.6,3.5,2.732
"360","2014","Yellowknife, Northwest Territories","Shelter",150.8,4,2.725
"361","2015","Alberta","All-items",133.7,1.5,1.135
"362","2015","Alberta","Food",139.6,5,3.715
"363","2015","Alberta","Shelter",162.9,0.4,0.246
"364","2015","British Columbia","All-items",120.2,1.3,1.093
"365","2015","British Columbia","Food",134.5,5,3.861
"366","2015","British Columbia","Shelter",114.1,-0.1,-0.088
"367","2015","Calgary, Alberta","All-items",134.3,1.6,1.206
"368","2015","Calgary, Alberta","Shelter",163.5,0.8,0.492
"369","2015","Canada","All-items",126.6,1.4,1.118
"370","2015","Canada","Food",140.5,5,3.69
"371","2015","Canada","Shelter",133.7,1.5,1.135
"372","2015","Charlottetown and Summerside, Prince Edward Island","All-items",128.8,-0.5,-0.387
"373","2015","Charlottetown and Summerside, Prince Edward Island","Shelter",128.9,-2.7,-2.052
"374","2015","Edmonton, Alberta","All-items",133.4,1.6,1.214
"375","2015","Edmonton, Alberta","Shelter",161.5,1.1,0.686
"376","2015","Halifax, Nova Scotia","All-items",128.2,0.7,0.549
"377","2015","Halifax, Nova Scotia","Shelter",134.6,-0.7,-0.517
"378","2015","Iqaluit, Nunavut","All-items",120.4,2.3,1.948
"379","2015","Manitoba","All-items",126.8,1.5,1.197
"380","2015","Manitoba","Food",141.3,4.6,3.365
"381","2015","Manitoba","Shelter",137.8,2.4,1.773
"382","2015","Montréal, Quebec","All-items",124.9,1.7,1.38
"383","2015","Montréal, Quebec","Shelter",127.5,0.6,0.473
"384","2015","New Brunswick","All-items",125.4,0.6,0.481
"385","2015","New Brunswick","Food",147.9,6.8,4.819
"386","2015","New Brunswick","Shelter",129.5,0.3,0.232
"387","2015","Newfoundland and Labrador","All-items",129,0.6,0.467
"388","2015","Newfoundland and Labrador","Food",142.9,5.2,3.776
"389","2015","Newfoundland and Labrador","Shelter",150.1,0.1,0.067
"390","2015","Nova Scotia","All-items",129.3,0.5,0.388
"391","2015","Nova Scotia","Food",147.8,6.3,4.452
"392","2015","Nova Scotia","Shelter",139.7,-1.4,-0.992
"393","2015","Ontario","All-items",127.4,1.5,1.191
"394","2015","Ontario","Food",141.2,5,3.671
"395","2015","Ontario","Shelter",134.5,3,2.281
"396","2015","Ottawa-Gatineau, Ontario part, Ontario/Quebec","All-items",126.5,1.2,0.958
"397","2015","Ottawa-Gatineau, Ontario part, Ontario/Quebec","Shelter",133.8,1.6,1.21
"398","2015","Prince Edward Island","All-items",129.3,-0.8,-0.615
"399","2015","Prince Edward Island","Food",146.4,5.6,3.977
"400","2015","Prince Edward Island","Shelter",131.8,-3.4,-2.515
"401","2015","Quebec","All-items",124.7,1.3,1.053
"402","2015","Quebec","Food",141.7,4.9,3.582
"403","2015","Quebec","Shelter",128.7,0.6,0.468
"404","2015","Québec, Quebec","All-items",124.7,1.2,0.972
"405","2015","Québec, Quebec","Shelter",129.3,0.7,0.544
"406","2015","Regina, Saskatchewan","All-items",131.5,1.8,1.388
"407","2015","Regina, Saskatchewan","Shelter",160,3.5,2.236
"408","2015","Saint John, New Brunswick","All-items",125.3,0.6,0.481
"409","2015","Saint John, New Brunswick","Shelter",132.1,0.7,0.533
"410","2015","Saskatchewan","All-items",130.8,2.1,1.632
"411","2015","Saskatchewan","Food",143.4,5.3,3.838
"412","2015","Saskatchewan","Shelter",158.7,4.3,2.785
"413","2015","Saskatoon, Saskatchewan","All-items",131,2.4,1.866
"414","2015","Saskatoon, Saskatchewan","Shelter",156.9,4.7,3.088
"415","2015","St. John's, Newfoundland and Labrador","All-items",128.7,0.5,0.39
"416","2015","St. John's, Newfoundland and Labrador","Shelter",147.5,0.6,0.408
"417","2015","Thunder Bay, Ontario","All-items",122.3,1.3,1.074
"418","2015","Thunder Bay, Ontario","Shelter",115.8,2,1.757
"419","2015","Toronto, Ontario","All-items",128.3,1.9,1.503
"420","2015","Toronto, Ontario","Shelter",135.3,3.6,2.733
"421","2015","Vancouver, British Columbia","All-items",121.9,1.4,1.162
"422","2015","Vancouver, British Columbia","Shelter",118,0.3,0.255
"423","2015","Victoria, British Columbia","All-items",118.6,1.3,1.108
"424","2015","Victoria, British Columbia","Shelter",110.1,-0.4,-0.362
"425","2015","Whitehorse, Yukon","All-items",124.1,-0.3,-0.241
"426","2015","Whitehorse, Yukon","Food",132.3,2.9,2.241
"427","2015","Whitehorse, Yukon","Shelter",143.7,-3.5,-2.378
"428","2015","Winnipeg, Manitoba","All-items",126.6,1.7,1.361
"429","2015","Winnipeg, Manitoba","Shelter",136.4,2.4,1.791
"430","2015","Yellowknife, Northwest Territories","All-items",130.4,2,1.558
"431","2015","Yellowknife, Northwest Territories","Food",138.6,7,5.319
"432","2015","Yellowknife, Northwest Territories","Shelter",150.1,-0.7,-0.464
"433","2016","Alberta","All-items",135.2,1.5,1.122
"434","2016","Alberta","Food",141.5,1.9,1.361
"435","2016","Alberta","Shelter",162.5,-0.4,-0.246
"436","2016","British Columbia","All-items",122.4,2.2,1.83
"437","2016","British Columbia","Food",136.9,2.4,1.784
"438","2016","British Columbia","Shelter",115.7,1.6,1.402
"439","2016","Calgary, Alberta","All-items",135.6,1.3,0.968
"440","2016","Calgary, Alberta","Shelter",163,-0.5,-0.306
"441","2016","Canada","All-items",128.4,1.8,1.422
"442","2016","Canada","Food",142.6,2.1,1.495
"443","2016","Canada","Shelter",135.8,2.1,1.571
"444","2016","Charlottetown and Summerside, Prince Edward Island","All-items",130.3,1.5,1.165
"445","2016","Charlottetown and Summerside, Prince Edward Island","Shelter",128.6,-0.3,-0.233
"446","2016","Edmonton, Alberta","All-items",134.9,1.5,1.124
"447","2016","Edmonton, Alberta","Shelter",161.9,0.4,0.248
"448","2016","Halifax, Nova Scotia","All-items",129.8,1.6,1.248
"449","2016","Halifax, Nova Scotia","Shelter",135,0.4,0.297
"450","2016","Iqaluit, Nunavut","All-items",123.4,3,2.492
"451","2016","Manitoba","All-items",128.4,1.6,1.262
"452","2016","Manitoba","Food",141.7,0.4,0.283
"453","2016","Manitoba","Shelter",140.6,2.8,2.032
"454","2016","Montréal, Quebec","All-items",125.9,1,0.801
"455","2016","Montréal, Quebec","Shelter",128.7,1.2,0.941
"456","2016","New Brunswick","All-items",128.2,2.8,2.233
"457","2016","New Brunswick","Food",150.6,2.7,1.826
"458","2016","New Brunswick","Shelter",131.7,2.2,1.699
"459","2016","Newfoundland and Labrador","All-items",132.5,3.5,2.713
"460","2016","Newfoundland and Labrador","Food",146.4,3.5,2.449
"461","2016","Newfoundland and Labrador","Shelter",152.2,2.1,1.399
"462","2016","Nova Scotia","All-items",130.9,1.6,1.237
"463","2016","Nova Scotia","Food",151.4,3.6,2.436
"464","2016","Nova Scotia","Shelter",139.4,-0.3,-0.215
"465","2016","Ontario","All-items",129.7,2.3,1.805
"466","2016","Ontario","Food",143.5,2.3,1.629
"467","2016","Ontario","Shelter",138.1,3.6,2.677
"468","2016","Ottawa-Gatineau, Ontario part, Ontario/Quebec","All-items",128.1,1.6,1.265
"469","2016","Ottawa-Gatineau, Ontario part, Ontario/Quebec","Shelter",135,1.2,0.897
"470","2016","Prince Edward Island","All-items",130.8,1.5,1.16
"471","2016","Prince Edward Island","Food",150,3.6,2.459
"472","2016","Prince Edward Island","Shelter",131.4,-0.4,-0.303
"473","2016","Quebec","All-items",125.6,0.9,0.722
"474","2016","Quebec","Food",143.2,1.5,1.059
"475","2016","Quebec","Shelter",129.8,1.1,0.855
"476","2016","Québec, Quebec","All-items",125.5,0.8,0.642
"477","2016","Québec, Quebec","Shelter",130.1,0.8,0.619
"478","2016","Regina, Saskatchewan","All-items",132.9,1.4,1.065
"479","2016","Regina, Saskatchewan","Shelter",161.3,1.3,0.813
"480","2016","Saint John, New Brunswick","All-items",128,2.7,2.155
"481","2016","Saint John, New Brunswick","Shelter",134.3,2.2,1.665
"482","2016","Saskatchewan","All-items",132.2,1.4,1.07
"483","2016","Saskatchewan","Food",144.5,1.1,0.767
"484","2016","Saskatchewan","Shelter",160.5,1.8,1.134
"485","2016","Saskatoon, Saskatchewan","All-items",132.6,1.6,1.221
"486","2016","Saskatoon, Saskatchewan","Shelter",159.4,2.5,1.593
"487","2016","St. John's, Newfoundland and Labrador","All-items",132.2,3.5,2.72
"488","2016","St. John's, Newfoundland and Labrador","Shelter",149.5,2,1.356
"489","2016","Thunder Bay, Ontario","All-items",124.3,2,1.635
"490","2016","Thunder Bay, Ontario","Shelter",118.6,2.8,2.418
"491","2016","Toronto, Ontario","All-items",131,2.7,2.104
"492","2016","Toronto, Ontario","Shelter",139.8,4.5,3.326
"493","2016","Vancouver, British Columbia","All-items",124.6,2.7,2.215
"494","2016","Vancouver, British Columbia","Shelter",120.1,2.1,1.78
"495","2016","Victoria, British Columbia","All-items",120.7,2.1,1.771
"496","2016","Victoria, British Columbia","Shelter",111.1,1,0.908
"497","2016","Whitehorse, Yukon","All-items",125.4,1.3,1.048
"498","2016","Whitehorse, Yukon","Food",133.3,1,0.756
"499","2016","Whitehorse, Yukon","Shelter",144.3,0.6,0.418
"500","2016","Winnipeg, Manitoba","All-items",128.1,1.5,1.185
"501","2016","Winnipeg, Manitoba","Shelter",139.1,2.7,1.979
"502","2016","Yellowknife, Northwest Territories","All-items",131.9,1.5,1.15
"503","2016","Yellowknife, Northwest Territories","Food",142.6,4,2.886
"504","2016","Yellowknife, Northwest Territories","Shelter",149.7,-0.4,-0.266
"505","2017","Alberta","All-items",137.3,2.1,1.553
"506","2017","Alberta","Food",141.7,0.2,0.141
"507","2017","Alberta","Shelter",164.6,2.1,1.292
"508","2017","British Columbia","All-items",125,2.6,2.124
"509","2017","British Columbia","Food",137.7,0.8,0.584
"510","2017","British Columbia","Shelter",118.7,3,2.593
"511","2017","Calgary, Alberta","All-items",137.8,2.2,1.622
"512","2017","Calgary, Alberta","Shelter",165.1,2.1,1.288
"513","2017","Canada","All-items",130.4,2,1.558
"514","2017","Canada","Food",142.7,0.1,0.07
"515","2017","Canada","Shelter",138.1,2.3,1.694
"516","2017","Charlottetown and Summerside, Prince Edward Island","All-items",132.5,2.2,1.688
"517","2017","Charlottetown and Summerside, Prince Edward Island","Shelter",130.7,2.1,1.633
"518","2017","Edmonton, Alberta","All-items",137.1,2.2,1.631
"519","2017","Edmonton, Alberta","Shelter",164.4,2.5,1.544
"520","2017","Halifax, Nova Scotia","All-items",131.2,1.4,1.079
"521","2017","Halifax, Nova Scotia","Shelter",136.8,1.8,1.333
"522","2017","Iqaluit, Nunavut","All-items",125.4,2,1.621
"523","2017","Manitoba","All-items",130.5,2.1,1.636
"524","2017","Manitoba","Food",141.6,-0.1,-0.071
"525","2017","Manitoba","Shelter",144.4,3.8,2.703
"526","2017","Montréal, Quebec","All-items",127.3,1.4,1.112
"527","2017","Montréal, Quebec","Shelter",129.9,1.2,0.932
"528","2017","New Brunswick","All-items",131.2,3,2.34
"529","2017","New Brunswick","Food",148.6,-2,-1.328
"530","2017","New Brunswick","Shelter",134.6,2.9,2.202
"531","2017","Newfoundland and Labrador","All-items",135.7,3.2,2.415
"532","2017","Newfoundland and Labrador","Food",145,-1.4,-0.956
"533","2017","Newfoundland and Labrador","Shelter",155.7,3.5,2.3
"534","2017","Nova Scotia","All-items",132.4,1.5,1.146
"535","2017","Nova Scotia","Food",148.4,-3,-1.982
"536","2017","Nova Scotia","Shelter",141.7,2.3,1.65
"537","2017","Ontario","All-items",131.9,2.2,1.696
"538","2017","Ontario","Food",143.3,-0.2,-0.139
"539","2017","Ontario","Shelter",140.4,2.3,1.665
"540","2017","Ottawa-Gatineau, Ontario part, Ontario/Quebec","All-items",129.9,1.8,1.405
"541","2017","Ottawa-Gatineau, Ontario part, Ontario/Quebec","Shelter",135.7,0.7,0.519
"542","2017","Prince Edward Island","All-items",133.2,2.4,1.835
"543","2017","Prince Edward Island","Food",146.8,-3.2,-2.133
"544","2017","Prince Edward Island","Shelter",133.8,2.4,1.826
"545","2017","Quebec","All-items",126.9,1.3,1.035
"546","2017","Quebec","Food",143.7,0.5,0.349
"547","2017","Quebec","Shelter",131,1.2,0.924
"548","2017","Québec, Quebec","All-items",126.8,1.3,1.036
"549","2017","Québec, Quebec","Shelter",131.3,1.2,0.922
"550","2017","Regina, Saskatchewan","All-items",135.2,2.3,1.731
"551","2017","Regina, Saskatchewan","Shelter",164.3,3,1.86
"552","2017","Saint John, New Brunswick","All-items",131.1,3.1,2.422
"553","2017","Saint John, New Brunswick","Shelter",137,2.7,2.01
"554","2017","Saskatchewan","All-items",134.4,2.2,1.664
"555","2017","Saskatchewan","Food",146.1,1.6,1.107
"556","2017","Saskatchewan","Shelter",163.5,3,1.869
"557","2017","Saskatoon, Saskatchewan","All-items",135,2.4,1.81
"558","2017","Saskatoon, Saskatchewan","Shelter",163,3.6,2.258
"559","2017","St. John's, Newfoundland and Labrador","All-items",135.3,3.1,2.345
"560","2017","St. John's, Newfoundland and Labrador","Shelter",152.3,2.8,1.873
"561","2017","Thunder Bay, Ontario","All-items",125.8,1.5,1.207
"562","2017","Thunder Bay, Ontario","Shelter",119.2,0.6,0.506
"563","2017","Toronto, Ontario","All-items",133.7,2.7,2.061
"564","2017","Toronto, Ontario","Shelter",143.2,3.4,2.432
"565","2017","Vancouver, British Columbia","All-items",127.3,2.7,2.167
"566","2017","Vancouver, British Columbia","Shelter",123.7,3.6,2.998
"567","2017","Victoria, British Columbia","All-items",123,2.3,1.906
"568","2017","Victoria, British Columbia","Shelter",113.7,2.6,2.34
"569","2017","Whitehorse, Yukon","All-items",127.5,2.1,1.675
"570","2017","Whitehorse, Yukon","Food",132.5,-0.8,-0.6
"571","2017","Whitehorse, Yukon","Shelter",147.9,3.6,2.495
"572","2017","Winnipeg, Manitoba","All-items",130.2,2.1,1.639
"573","2017","Winnipeg, Manitoba","Shelter",142.8,3.7,2.66
"574","2017","Yellowknife, Northwest Territories","All-items",133.5,1.6,1.213
"575","2017","Yellowknife, Northwest Territories","Food",142.6,0,0
"576","2017","Yellowknife, Northwest Territories","Shelter",150.9,1.2,0.802
"577","2018","Alberta","All-items",140.6,3.3,2.403
"578","2018","Alberta","Food",143.9,2.2,1.553
"579","2018","Alberta","Shelter",168.3,3.7,2.248
"580","2018","British Columbia","All-items",128.4,3.4,2.72
"581","2018","British Columbia","Food",140.1,2.4,1.743
"582","2018","British Columbia","Shelter",122.5,3.8,3.201
"583","2018","Calgary, Alberta","All-items",141.1,3.3,2.395
"584","2018","Calgary, Alberta","Shelter",168.5,3.4,2.059
"585","2018","Canada","All-items",133.4,3,2.301
"586","2018","Canada","Food",145.3,2.6,1.822
"587","2018","Canada","Shelter",140.9,2.8,2.028
"588","2018","Charlottetown and Summerside, Prince Edward Island","All-items",135.7,3.2,2.415
"589","2018","Charlottetown and Summerside, Prince Edward Island","Shelter",135,4.3,3.29
"590","2018","Edmonton, Alberta","All-items",140.8,3.7,2.699
"591","2018","Edmonton, Alberta","Shelter",168.8,4.4,2.676
"592","2018","Halifax, Nova Scotia","All-items",134,2.8,2.134
"593","2018","Halifax, Nova Scotia","Shelter",140.5,3.7,2.705
"594","2018","Iqaluit, Nunavut","All-items",129.2,3.8,3.03
"595","2018","Manitoba","All-items",133.8,3.3,2.529
"596","2018","Manitoba","Food",143.8,2.2,1.554
"597","2018","Manitoba","Shelter",148.8,4.4,3.047
"598","2018","Montréal, Quebec","All-items",129.5,2.2,1.728
"599","2018","Montréal, Quebec","Shelter",132.1,2.2,1.694
"600","2018","New Brunswick","All-items",134,2.8,2.134
"601","2018","New Brunswick","Food",150.6,2,1.346
"602","2018","New Brunswick","Shelter",137.5,2.9,2.155
"603","2018","Newfoundland and Labrador","All-items",137.9,2.2,1.621
"604","2018","Newfoundland and Labrador","Food",145.5,0.5,0.345
"605","2018","Newfoundland and Labrador","Shelter",161,5.3,3.404
"606","2018","Nova Scotia","All-items",135.3,2.9,2.19
"607","2018","Nova Scotia","Food",148.9,0.5,0.337
"608","2018","Nova Scotia","Shelter",146.1,4.4,3.105
"609","2018","Ontario","All-items",135,3.1,2.35
"610","2018","Ontario","Food",147.4,4.1,2.861
"611","2018","Ontario","Shelter",142.7,2.3,1.638
"612","2018","Ottawa-Gatineau, Ontario part, Ontario/Quebec","All-items",133.2,3.3,2.54
"613","2018","Ottawa-Gatineau, Ontario part, Ontario/Quebec","Shelter",138.4,2.7,1.99
"614","2018","Prince Edward Island","All-items",136.3,3.1,2.327
"615","2018","Prince Edward Island","Food",147.6,0.8,0.545
"616","2018","Prince Edward Island","Shelter",138.2,4.4,3.288
"617","2018","Quebec","All-items",129,2.1,1.655
"618","2018","Quebec","Food",145.1,1.4,0.974
"619","2018","Quebec","Shelter",133,2,1.527
"620","2018","Québec, Quebec","All-items",128.6,1.8,1.42
"621","2018","Québec, Quebec","Shelter",132.3,1,0.762
"622","2018","Regina, Saskatchewan","All-items",138.4,3.2,2.367
"623","2018","Regina, Saskatchewan","Shelter",168,3.7,2.252
"624","2018","Saint John, New Brunswick","All-items",133.9,2.8,2.136
"625","2018","Saint John, New Brunswick","Shelter",139.7,2.7,1.971
"626","2018","Saskatchewan","All-items",137.5,3.1,2.307
"627","2018","Saskatchewan","Food",147.1,1,0.684
"628","2018","Saskatchewan","Shelter",167.4,3.9,2.385
"629","2018","Saskatoon, Saskatchewan","All-items",138.1,3.1,2.296
"630","2018","Saskatoon, Saskatchewan","Shelter",167.2,4.2,2.577
"631","2018","St. John's, Newfoundland and Labrador","All-items",137.4,2.1,1.552
"632","2018","St. John's, Newfoundland and Labrador","Shelter",156.3,4,2.626
"633","2018","Thunder Bay, Ontario","All-items",128.2,2.4,1.908
"634","2018","Thunder Bay, Ontario","Shelter",120.1,0.9,0.755
"635","2018","Toronto, Ontario","All-items",137.1,3.4,2.543
"636","2018","Toronto, Ontario","Shelter",145.7,2.5,1.746
"637","2018","Vancouver, British Columbia","All-items",131,3.7,2.907
"638","2018","Vancouver, British Columbia","Shelter",128.6,4.9,3.961
"639","2018","Victoria, British Columbia","All-items",125.9,2.9,2.358
"640","2018","Victoria, British Columbia","Shelter",116.6,2.9,2.551
"641","2018","Whitehorse, Yukon","All-items",130.6,3.1,2.431
"642","2018","Whitehorse, Yukon","Food",131.5,-1,-0.755
"643","2018","Whitehorse, Yukon","Shelter",154,6.1,4.124
"644","2018","Winnipeg, Manitoba","All-items",133.3,3.1,2.381
"645","2018","Winnipeg, Manitoba","Shelter",146.7,3.9,2.731
"646","2018","Yellowknife, Northwest Territories","All-items",136.6,3.1,2.322
"647","2018","Yellowknife, Northwest Territories","Food",142.5,-0.1,-0.07
"648","2018","Yellowknife, Northwest Territories","Shelter",157,6.1,4.042
"649","2019","Alberta","All-items",143.1,2.5,1.778
"650","2019","Alberta","Food",149.2,5.3,3.683
"651","2019","Alberta","Shelter",172.3,4,2.377
"652","2019","British Columbia","All-items",131.4,3,2.336
"653","2019","British Columbia","Food",145.6,5.5,3.926
"654","2019","British Columbia","Shelter",125.4,2.9,2.367
"655","2019","Calgary, Alberta","All-items",143.1,2,1.417
"656","2019","Calgary, Alberta","Shelter",172,3.5,2.077
"657","2019","Canada","All-items",136,2.6,1.949
"658","2019","Canada","Food",150.2,4.9,3.372
"659","2019","Canada","Shelter",144.5,3.6,2.555
"660","2019","Charlottetown and Summerside, Prince Edward Island","All-items",137.2,1.5,1.105
"661","2019","Charlottetown and Summerside, Prince Edward Island","Shelter",135.7,0.7,0.519
"662","2019","Edmonton, Alberta","All-items",143.2,2.4,1.705
"663","2019","Edmonton, Alberta","Shelter",173.7,4.9,2.903
"664","2019","Halifax, Nova Scotia","All-items",136,2,1.493
"665","2019","Halifax, Nova Scotia","Shelter",143.2,2.7,1.922
"666","2019","Iqaluit, Nunavut","All-items",131.4,2.2,1.703
"667","2019","Manitoba","All-items",136.8,3,2.242
"668","2019","Manitoba","Food",148,4.2,2.921
"669","2019","Manitoba","Shelter",153.5,4.7,3.159
"670","2019","Montréal, Quebec","All-items",132.4,2.9,2.239
"671","2019","Montréal, Quebec","Shelter",135.8,3.7,2.801
"672","2019","New Brunswick","All-items",136.3,2.3,1.716
"673","2019","New Brunswick","Food",155.6,5,3.32
"674","2019","New Brunswick","Shelter",140.2,2.7,1.964
"675","2019","Newfoundland and Labrador","All-items",139.3,1.4,1.015
"676","2019","Newfoundland and Labrador","Food",148.2,2.7,1.856
"677","2019","Newfoundland and Labrador","Shelter",163.4,2.4,1.491
"678","2019","Nova Scotia","All-items",137.5,2.2,1.626
"679","2019","Nova Scotia","Food",153,4.1,2.754
"680","2019","Nova Scotia","Shelter",149.2,3.1,2.122
"681","2019","Ontario","All-items",137.5,2.5,1.852
"682","2019","Ontario","Food",152.6,5.2,3.528
"683","2019","Ontario","Shelter",147,4.3,3.013
"684","2019","Ottawa-Gatineau, Ontario part, Ontario/Quebec","All-items",135.9,2.7,2.027
"685","2019","Ottawa-Gatineau, Ontario part, Ontario/Quebec","Shelter",143.6,5.2,3.757
"686","2019","Prince Edward Island","All-items",137.9,1.6,1.174
"687","2019","Prince Edward Island","Food",152.9,5.3,3.591
"688","2019","Prince Edward Island","Shelter",139,0.8,0.579
"689","2019","Quebec","All-items",131.7,2.7,2.093
"690","2019","Quebec","Food",149.4,4.3,2.963
"691","2019","Quebec","Shelter",135.6,2.6,1.955
"692","2019","Québec, Quebec","All-items",130.5,1.9,1.477
"693","2019","Québec, Quebec","Shelter",132.6,0.3,0.227
"694","2019","Regina, Saskatchewan","All-items",140.5,2.1,1.517
"695","2019","Regina, Saskatchewan","Shelter",170.2,2.2,1.31
"696","2019","Saint John, New Brunswick","All-items",136.2,2.3,1.718
"697","2019","Saint John, New Brunswick","Shelter",142.7,3,2.147
"698","2019","Saskatchewan","All-items",139.9,2.4,1.745
"699","2019","Saskatchewan","Food",151.8,4.7,3.195
"700","2019","Saskatchewan","Shelter",170.4,3,1.792
"701","2019","Saskatoon, Saskatchewan","All-items",140.3,2.2,1.593
"702","2019","Saskatoon, Saskatchewan","Shelter",169.8,2.6,1.555
"703","2019","St. John's, Newfoundland and Labrador","All-items",138.6,1.2,0.873
"704","2019","St. John's, Newfoundland and Labrador","Shelter",158.5,2.2,1.408
"705","2019","Thunder Bay, Ontario","All-items",130,1.8,1.404
"706","2019","Thunder Bay, Ontario","Shelter",121.8,1.7,1.415
"707","2019","Toronto, Ontario","All-items",139.9,2.8,2.042
"708","2019","Toronto, Ontario","Shelter",149.9,4.2,2.883
"709","2019","Vancouver, British Columbia","All-items",134.1,3.1,2.366
"710","2019","Vancouver, British Columbia","Shelter",131.6,3,2.333
"711","2019","Victoria, British Columbia","All-items",129,3.1,2.462
"712","2019","Victoria, British Columbia","Shelter",120.1,3.5,3.002
"713","2019","Whitehorse, Yukon","All-items",133.2,2.6,1.991
"714","2019","Whitehorse, Yukon","Food",134.1,2.6,1.977
"715","2019","Whitehorse, Yukon","Shelter",160.7,6.7,4.351
"716","2019","Winnipeg, Manitoba","All-items",136.4,3.1,2.326
"717","2019","Winnipeg, Manitoba","Shelter",151.5,4.8,3.272
"718","2019","Yellowknife, Northwest Territories","All-items",138.8,2.2,1.611
"719","2019","Yellowknife, Northwest Territories","Food",146.1,3.6,2.526
"720","2019","Yellowknife, Northwest Territories","Shelter",159.9,2.9,1.847
"721","2020","Alberta","All-items",144.7,1.6,1.118
"722","2020","Alberta","Food",153.2,4,2.681
"723","2020","Alberta","Shelter",174.6,2.3,1.335
"724","2020","British Columbia","All-items",132.4,1,0.761
"725","2020","British Columbia","Food",149.5,3.9,2.679
"726","2020","British Columbia","Shelter",127.2,1.8,1.435
"727","2020","Calgary, Alberta","All-items",144.7,1.6,1.118
"728","2020","Calgary, Alberta","Shelter",174.1,2.1,1.221
"729","2020","Canada","All-items",137,1,0.735
"730","2020","Canada","Food",153.7,3.5,2.33
"731","2020","Canada","Shelter",147,2.5,1.73
"732","2020","Charlottetown and Summerside, Prince Edward Island","All-items",137.4,0.2,0.146
"733","2020","Charlottetown and Summerside, Prince Edward Island","Shelter",135,-0.7,-0.516
"734","2020","Edmonton, Alberta","All-items",144.7,1.5,1.047
"735","2020","Edmonton, Alberta","Shelter",175.8,2.1,1.209
"736","2020","Halifax, Nova Scotia","All-items",136.7,0.7,0.515
"737","2020","Halifax, Nova Scotia","Shelter",145,1.8,1.257
"738","2020","Iqaluit, Nunavut","All-items",131.4,0,0
"739","2020","Manitoba","All-items",137.5,0.7,0.512
"740","2020","Manitoba","Food",150.9,2.9,1.959
"741","2020","Manitoba","Shelter",156.1,2.6,1.694
"742","2020","Montréal, Quebec","All-items",133.7,1.3,0.982
"743","2020","Montréal, Quebec","Shelter",139.1,3.3,2.43
"744","2020","New Brunswick","All-items",136.6,0.3,0.22
"745","2020","New Brunswick","Food",159.6,4,2.571
"746","2020","New Brunswick","Shelter",142.1,1.9,1.355
"747","2020","Newfoundland and Labrador","All-items",139.6,0.3,0.215
"748","2020","Newfoundland and Labrador","Food",150.8,2.6,1.754
"749","2020","Newfoundland and Labrador","Shelter",165.2,1.8,1.102
"750","2020","Nova Scotia","All-items",137.9,0.4,0.291
"751","2020","Nova Scotia","Food",157.2,4.2,2.745
"752","2020","Nova Scotia","Shelter",150,0.8,0.536
"753","2020","Ontario","All-items",138.4,0.9,0.655
"754","2020","Ontario","Food",155.5,2.9,1.9
"755","2020","Ontario","Shelter",150.1,3.1,2.109
"756","2020","Ottawa-Gatineau, Ontario part, Ontario/Quebec","All-items",137.8,1.9,1.398
"757","2020","Ottawa-Gatineau, Ontario part, Ontario/Quebec","Shelter",150.8,7.2,5.014
"758","2020","Prince Edward Island","All-items",137.9,0,0
"759","2020","Prince Edward Island","Food",159.1,6.2,4.055
"760","2020","Prince Edward Island","Shelter",137.8,-1.2,-0.863
"761","2020","Quebec","All-items",132.8,1.1,0.835
"762","2020","Quebec","Food",153.2,3.8,2.544
"763","2020","Quebec","Shelter",137.6,2,1.475
"764","2020","Québec, Quebec","All-items",131.6,1.1,0.843
"765","2020","Québec, Quebec","Shelter",134.4,1.8,1.357
"766","2020","Regina, Saskatchewan","All-items",141.3,0.8,0.569
"767","2020","Regina, Saskatchewan","Shelter",171.6,1.4,0.823
"768","2020","Saint John, New Brunswick","All-items",136.7,0.5,0.367
"769","2020","Saint John, New Brunswick","Shelter",145.5,2.8,1.962
"770","2020","Saskatchewan","All-items",140.7,0.8,0.572
"771","2020","Saskatchewan","Food",155.3,3.5,2.306
"772","2020","Saskatchewan","Shelter",171.9,1.5,0.88
"773","2020","Saskatoon, Saskatchewan","All-items",141.4,1.1,0.784
"774","2020","Saskatoon, Saskatchewan","Shelter",171.9,2.1,1.237
"775","2020","St. John's, Newfoundland and Labrador","All-items",139.2,0.6,0.433
"776","2020","St. John's, Newfoundland and Labrador","Shelter",161.3,2.8,1.767
"777","2020","Thunder Bay, Ontario","All-items",130.4,0.4,0.308
"778","2020","Thunder Bay, Ontario","Shelter",123.8,2,1.642
"779","2020","Toronto, Ontario","All-items",140.3,0.4,0.286
"780","2020","Toronto, Ontario","Shelter",151.9,2,1.334
"781","2020","Vancouver, British Columbia","All-items",134.9,0.8,0.597
"782","2020","Vancouver, British Columbia","Shelter",133,1.4,1.064
"783","2020","Victoria, British Columbia","All-items",130.4,1.4,1.085
"784","2020","Victoria, British Columbia","Shelter",123.2,3.1,2.581
"785","2020","Whitehorse, Yukon","All-items",134.5,1.3,0.976
"786","2020","Whitehorse, Yukon","Food",132.4,-1.7,-1.268
"787","2020","Whitehorse, Yukon","Shelter",167.5,6.8,4.231
"788","2020","Winnipeg, Manitoba","All-items",137.2,0.8,0.587
"789","2020","Winnipeg, Manitoba","Shelter",154.3,2.8,1.848
"790","2020","Yellowknife, Northwest Territories","All-items",138.9,0.1,0.072
"791","2020","Yellowknife, Northwest Territories","Food",146.2,0.1,0.068
"792","2020","Yellowknife, Northwest Territories","Shelter",160.5,0.6,0.375
