"","ref_date","geo","north_american_industry_classification_system_naics","value"
"1","2017","Newfoundland and Labrador","All industries [T001]",0.02
"2","2017","Newfoundland and Labrador","Agriculture, forestry, fishing and hunting [11]",-0.004
"3","2017","Newfoundland and Labrador","Mining, quarrying, and oil and gas extraction [21]",0.03
"4","2017","Newfoundland and Labrador","Utilities [22]",0.001
"5","2017","Newfoundland and Labrador","Construction [23]",-0.011
"6","2017","Newfoundland and Labrador","Manufacturing [31-33]",-0.002
"7","2017","Newfoundland and Labrador","Wholesale trade [41]",-0.001
"8","2017","Newfoundland and Labrador","Retail trade [44-45]",0
"9","2017","Newfoundland and Labrador","Transportation and warehousing [48-49]",0.003
"10","2017","Newfoundland and Labrador","Information and cultural industries [51]",0
"11","2017","Newfoundland and Labrador","Finance and insurance [52]",0
"12","2017","Newfoundland and Labrador","Real estate and rental and leasing [53]",0.002
"13","2017","Newfoundland and Labrador","Professional, scientific and technical services [54]",0
"14","2017","Newfoundland and Labrador","Management of companies and enterprises [55]",0
"15","2017","Newfoundland and Labrador","Administrative and support, waste management and remediation services [56]",-0.001
"16","2017","Newfoundland and Labrador","Educational services [61]",-0.001
"17","2017","Newfoundland and Labrador","Health care and social assistance [62]",0
"18","2017","Newfoundland and Labrador","Arts, entertainment and recreation [71]",0
"19","2017","Newfoundland and Labrador","Accommodation and food services [72]",0
"20","2017","Newfoundland and Labrador","Other services (except public administration) [81]",0
"21","2017","Newfoundland and Labrador","Public administration [91]",0.003
"22","2017","Prince Edward Island","All industries [T001]",0.014
"23","2017","Prince Edward Island","Agriculture, forestry, fishing and hunting [11]",0.001
"24","2017","Prince Edward Island","Mining, quarrying, and oil and gas extraction [21]",0
"25","2017","Prince Edward Island","Utilities [22]",0.001
"26","2017","Prince Edward Island","Construction [23]",0.004
"27","2017","Prince Edward Island","Manufacturing [31-33]",0.003
"28","2017","Prince Edward Island","Wholesale trade [41]",0
"29","2017","Prince Edward Island","Retail trade [44-45]",0
"30","2017","Prince Edward Island","Transportation and warehousing [48-49]",0.001
"31","2017","Prince Edward Island","Information and cultural industries [51]",0
"32","2017","Prince Edward Island","Finance and insurance [52]",0.001
"33","2017","Prince Edward Island","Real estate and rental and leasing [53]",0.001
"34","2017","Prince Edward Island","Professional, scientific and technical services [54]",0.001
"35","2017","Prince Edward Island","Management of companies and enterprises [55]",0
"36","2017","Prince Edward Island","Administrative and support, waste management and remediation services [56]",0
"37","2017","Prince Edward Island","Educational services [61]",0.001
"38","2017","Prince Edward Island","Health care and social assistance [62]",0.001
"39","2017","Prince Edward Island","Arts, entertainment and recreation [71]",0
"40","2017","Prince Edward Island","Accommodation and food services [72]",0
"41","2017","Prince Edward Island","Other services (except public administration) [81]",0
"42","2017","Prince Edward Island","Public administration [91]",0.001
"43","2017","Nova Scotia","All industries [T001]",0.041
"44","2017","Nova Scotia","Agriculture, forestry, fishing and hunting [11]",-0.002
"45","2017","Nova Scotia","Mining, quarrying, and oil and gas extraction [21]",0.001
"46","2017","Nova Scotia","Utilities [22]",0.002
"47","2017","Nova Scotia","Construction [23]",0.015
"48","2017","Nova Scotia","Manufacturing [31-33]",0.002
"49","2017","Nova Scotia","Wholesale trade [41]",-0.002
"50","2017","Nova Scotia","Retail trade [44-45]",0.002
"51","2017","Nova Scotia","Transportation and warehousing [48-49]",0.004
"52","2017","Nova Scotia","Information and cultural industries [51]",0.001
"53","2017","Nova Scotia","Finance and insurance [52]",0.006
"54","2017","Nova Scotia","Real estate and rental and leasing [53]",0.008
"55","2017","Nova Scotia","Professional, scientific and technical services [54]",0.001
"56","2017","Nova Scotia","Management of companies and enterprises [55]",0
"57","2017","Nova Scotia","Administrative and support, waste management and remediation services [56]",0
"58","2017","Nova Scotia","Educational services [61]",0
"59","2017","Nova Scotia","Health care and social assistance [62]",0
"60","2017","Nova Scotia","Arts, entertainment and recreation [71]",0
"61","2017","Nova Scotia","Accommodation and food services [72]",0.002
"62","2017","Nova Scotia","Other services (except public administration) [81]",0.001
"63","2017","Nova Scotia","Public administration [91]",0.001
"64","2017","New Brunswick","All industries [T001]",0.039
"65","2017","New Brunswick","Agriculture, forestry, fishing and hunting [11]",0.002
"66","2017","New Brunswick","Mining, quarrying, and oil and gas extraction [21]",0.001
"67","2017","New Brunswick","Utilities [22]",0
"68","2017","New Brunswick","Construction [23]",0.013
"69","2017","New Brunswick","Manufacturing [31-33]",0.002
"70","2017","New Brunswick","Wholesale trade [41]",0.001
"71","2017","New Brunswick","Retail trade [44-45]",0.004
"72","2017","New Brunswick","Transportation and warehousing [48-49]",0.004
"73","2017","New Brunswick","Information and cultural industries [51]",0
"74","2017","New Brunswick","Finance and insurance [52]",0.005
"75","2017","New Brunswick","Real estate and rental and leasing [53]",0.004
"76","2017","New Brunswick","Professional, scientific and technical services [54]",0.001
"77","2017","New Brunswick","Management of companies and enterprises [55]",0
"78","2017","New Brunswick","Administrative and support, waste management and remediation services [56]",-0.004
"79","2017","New Brunswick","Educational services [61]",-0.001
"80","2017","New Brunswick","Health care and social assistance [62]",0.002
"81","2017","New Brunswick","Arts, entertainment and recreation [71]",0
"82","2017","New Brunswick","Accommodation and food services [72]",0
"83","2017","New Brunswick","Other services (except public administration) [81]",0.001
"84","2017","New Brunswick","Public administration [91]",0.003
"85","2017","Quebec","All industries [T001]",0.557
"86","2017","Quebec","Agriculture, forestry, fishing and hunting [11]",0
"87","2017","Quebec","Mining, quarrying, and oil and gas extraction [21]",0.018
"88","2017","Quebec","Utilities [22]",0.009
"89","2017","Quebec","Construction [23]",0.081
"90","2017","Quebec","Manufacturing [31-33]",0.088
"91","2017","Quebec","Wholesale trade [41]",0.029
"92","2017","Quebec","Retail trade [44-45]",0.016
"93","2017","Quebec","Transportation and warehousing [48-49]",0.04
"94","2017","Quebec","Information and cultural industries [51]",0.022
"95","2017","Quebec","Finance and insurance [52]",0.08
"96","2017","Quebec","Real estate and rental and leasing [53]",0.049
"97","2017","Quebec","Professional, scientific and technical services [54]",0.042
"98","2017","Quebec","Management of companies and enterprises [55]",-0.01
"99","2017","Quebec","Administrative and support, waste management and remediation services [56]",0.007
"100","2017","Quebec","Educational services [61]",0.018
"101","2017","Quebec","Health care and social assistance [62]",0.014
"102","2017","Quebec","Arts, entertainment and recreation [71]",0
"103","2017","Quebec","Accommodation and food services [72]",0.009
"104","2017","Quebec","Other services (except public administration) [81]",0.015
"105","2017","Quebec","Public administration [91]",0.029
"106","2017","Ontario","All industries [T001]",1.068
"107","2017","Ontario","Agriculture, forestry, fishing and hunting [11]",0.017
"108","2017","Ontario","Mining, quarrying, and oil and gas extraction [21]",-0.009
"109","2017","Ontario","Utilities [22]",-0.015
"110","2017","Ontario","Construction [23]",0.073
"111","2017","Ontario","Manufacturing [31-33]",0.018
"112","2017","Ontario","Wholesale trade [41]",0.095
"113","2017","Ontario","Retail trade [44-45]",0.065
"114","2017","Ontario","Transportation and warehousing [48-49]",0.068
"115","2017","Ontario","Information and cultural industries [51]",0.072
"116","2017","Ontario","Finance and insurance [52]",0.283
"117","2017","Ontario","Real estate and rental and leasing [53]",0.144
"118","2017","Ontario","Professional, scientific and technical services [54]",0.107
"119","2017","Ontario","Management of companies and enterprises [55]",-0.01
"120","2017","Ontario","Administrative and support, waste management and remediation services [56]",-0.016
"121","2017","Ontario","Educational services [61]",0.036
"122","2017","Ontario","Health care and social assistance [62]",0.025
"123","2017","Ontario","Arts, entertainment and recreation [71]",0.012
"124","2017","Ontario","Accommodation and food services [72]",0.007
"125","2017","Ontario","Other services (except public administration) [81]",0.026
"126","2017","Ontario","Public administration [91]",0.068
"127","2017","Manitoba","All industries [T001]",0.11
"128","2017","Manitoba","Agriculture, forestry, fishing and hunting [11]",0.026
"129","2017","Manitoba","Mining, quarrying, and oil and gas extraction [21]",0
"130","2017","Manitoba","Utilities [22]",-0.001
"131","2017","Manitoba","Construction [23]",0.01
"132","2017","Manitoba","Manufacturing [31-33]",0.017
"133","2017","Manitoba","Wholesale trade [41]",0.004
"134","2017","Manitoba","Retail trade [44-45]",0.005
"135","2017","Manitoba","Transportation and warehousing [48-49]",0.012
"136","2017","Manitoba","Information and cultural industries [51]",-0.003
"137","2017","Manitoba","Finance and insurance [52]",0.01
"138","2017","Manitoba","Real estate and rental and leasing [53]",0.014
"139","2017","Manitoba","Professional, scientific and technical services [54]",-0.001
"140","2017","Manitoba","Management of companies and enterprises [55]",-0.002
"141","2017","Manitoba","Administrative and support, waste management and remediation services [56]",0.002
"142","2017","Manitoba","Educational services [61]",0.003
"143","2017","Manitoba","Health care and social assistance [62]",0.005
"144","2017","Manitoba","Arts, entertainment and recreation [71]",0.001
"145","2017","Manitoba","Accommodation and food services [72]",0.002
"146","2017","Manitoba","Other services (except public administration) [81]",0.001
"147","2017","Manitoba","Public administration [91]",0.005
"148","2017","Saskatchewan","All industries [T001]",0.086
"149","2017","Saskatchewan","Agriculture, forestry, fishing and hunting [11]",-0.009
"150","2017","Saskatchewan","Mining, quarrying, and oil and gas extraction [21]",0.053
"151","2017","Saskatchewan","Utilities [22]",0.007
"152","2017","Saskatchewan","Construction [23]",-0.006
"153","2017","Saskatchewan","Manufacturing [31-33]",0.002
"154","2017","Saskatchewan","Wholesale trade [41]",0.002
"155","2017","Saskatchewan","Retail trade [44-45]",0.004
"156","2017","Saskatchewan","Transportation and warehousing [48-49]",0.017
"157","2017","Saskatchewan","Information and cultural industries [51]",-0.002
"158","2017","Saskatchewan","Finance and insurance [52]",0.008
"159","2017","Saskatchewan","Real estate and rental and leasing [53]",0.011
"160","2017","Saskatchewan","Professional, scientific and technical services [54]",-0.004
"161","2017","Saskatchewan","Management of companies and enterprises [55]",-0.004
"162","2017","Saskatchewan","Administrative and support, waste management and remediation services [56]",-0.001
"163","2017","Saskatchewan","Educational services [61]",0.004
"164","2017","Saskatchewan","Health care and social assistance [62]",0.003
"165","2017","Saskatchewan","Arts, entertainment and recreation [71]",0.001
"166","2017","Saskatchewan","Accommodation and food services [72]",-0.002
"167","2017","Saskatchewan","Other services (except public administration) [81]",0.002
"168","2017","Saskatchewan","Public administration [91]",0.004
"169","2017","Alberta","All industries [T001]",0.669
"170","2017","Alberta","Agriculture, forestry, fishing and hunting [11]",0.007
"171","2017","Alberta","Mining, quarrying, and oil and gas extraction [21]",0.303
"172","2017","Alberta","Utilities [22]",0.024
"173","2017","Alberta","Construction [23]",0.031
"174","2017","Alberta","Manufacturing [31-33]",0.063
"175","2017","Alberta","Wholesale trade [41]",0.037
"176","2017","Alberta","Retail trade [44-45]",0.013
"177","2017","Alberta","Transportation and warehousing [48-49]",0.053
"178","2017","Alberta","Information and cultural industries [51]",-0.001
"179","2017","Alberta","Finance and insurance [52]",0.03
"180","2017","Alberta","Real estate and rental and leasing [53]",0.067
"181","2017","Alberta","Professional, scientific and technical services [54]",0.016
"182","2017","Alberta","Management of companies and enterprises [55]",-0.026
"183","2017","Alberta","Administrative and support, waste management and remediation services [56]",-0.019
"184","2017","Alberta","Educational services [61]",0.009
"185","2017","Alberta","Health care and social assistance [62]",0.014
"186","2017","Alberta","Arts, entertainment and recreation [71]",0.011
"187","2017","Alberta","Accommodation and food services [72]",0.002
"188","2017","Alberta","Other services (except public administration) [81]",0.02
"189","2017","Alberta","Public administration [91]",0.013
"190","2017","British Columbia","All industries [T001]",0.475
"191","2017","British Columbia","Agriculture, forestry, fishing and hunting [11]",0.004
"192","2017","British Columbia","Mining, quarrying, and oil and gas extraction [21]",0.007
"193","2017","British Columbia","Utilities [22]",0.001
"194","2017","British Columbia","Construction [23]",0.072
"195","2017","British Columbia","Manufacturing [31-33]",0.014
"196","2017","British Columbia","Wholesale trade [41]",0.017
"197","2017","British Columbia","Retail trade [44-45]",0.028
"198","2017","British Columbia","Transportation and warehousing [48-49]",0.077
"199","2017","British Columbia","Information and cultural industries [51]",0.022
"200","2017","British Columbia","Finance and insurance [52]",0.05
"201","2017","British Columbia","Real estate and rental and leasing [53]",0.068
"202","2017","British Columbia","Professional, scientific and technical services [54]",0.038
"203","2017","British Columbia","Management of companies and enterprises [55]",-0.008
"204","2017","British Columbia","Administrative and support, waste management and remediation services [56]",-0.002
"205","2017","British Columbia","Educational services [61]",0.017
"206","2017","British Columbia","Health care and social assistance [62]",0.028
"207","2017","British Columbia","Arts, entertainment and recreation [71]",0.013
"208","2017","British Columbia","Accommodation and food services [72]",0.009
"209","2017","British Columbia","Other services (except public administration) [81]",0.009
"210","2017","British Columbia","Public administration [91]",0.009
"211","2017","Yukon","All industries [T001]",0.003
"212","2017","Yukon","Agriculture, forestry, fishing and hunting [11]",0
"213","2017","Yukon","Mining, quarrying, and oil and gas extraction [21]",-0.002
"214","2017","Yukon","Utilities [22]",0
"215","2017","Yukon","Construction [23]",0.003
"216","2017","Yukon","Manufacturing [31-33]",0
"217","2017","Yukon","Wholesale trade [41]",0
"218","2017","Yukon","Retail trade [44-45]",0
"219","2017","Yukon","Transportation and warehousing [48-49]",0
"220","2017","Yukon","Information and cultural industries [51]",0.001
"221","2017","Yukon","Finance and insurance [52]",0
"222","2017","Yukon","Real estate and rental and leasing [53]",0.001
"223","2017","Yukon","Professional, scientific and technical services [54]",0
"224","2017","Yukon","Management of companies and enterprises [55]",0
"225","2017","Yukon","Administrative and support, waste management and remediation services [56]",0
"226","2017","Yukon","Educational services [61]",0
"227","2017","Yukon","Health care and social assistance [62]",0
"228","2017","Yukon","Arts, entertainment and recreation [71]",0
"229","2017","Yukon","Accommodation and food services [72]",0
"230","2017","Yukon","Other services (except public administration) [81]",0
"231","2017","Yukon","Public administration [91]",0
"232","2017","Northwest Territories","All industries [T001]",0.008
"233","2017","Northwest Territories","Agriculture, forestry, fishing and hunting [11]",0
"234","2017","Northwest Territories","Mining, quarrying, and oil and gas extraction [21]",0.015
"235","2017","Northwest Territories","Utilities [22]",0
"236","2017","Northwest Territories","Construction [23]",-0.006
"237","2017","Northwest Territories","Manufacturing [31-33]",0
"238","2017","Northwest Territories","Wholesale trade [41]",0
"239","2017","Northwest Territories","Retail trade [44-45]",0
"240","2017","Northwest Territories","Transportation and warehousing [48-49]",-0.002
"241","2017","Northwest Territories","Information and cultural industries [51]",0
"242","2017","Northwest Territories","Finance and insurance [52]",0
"243","2017","Northwest Territories","Real estate and rental and leasing [53]",0.001
"244","2017","Northwest Territories","Professional, scientific and technical services [54]",-0.001
"245","2017","Northwest Territories","Management of companies and enterprises [55]",0
"246","2017","Northwest Territories","Administrative and support, waste management and remediation services [56]",0
"247","2017","Northwest Territories","Educational services [61]",0
"248","2017","Northwest Territories","Health care and social assistance [62]",0
"249","2017","Northwest Territories","Arts, entertainment and recreation [71]",0
"250","2017","Northwest Territories","Accommodation and food services [72]",0
"251","2017","Northwest Territories","Other services (except public administration) [81]",0
"252","2017","Northwest Territories","Public administration [91]",0.001
"253","2017","Nunavut","All industries [T001]",0.018
"254","2017","Nunavut","Agriculture, forestry, fishing and hunting [11]",0.001
"255","2017","Nunavut","Mining, quarrying, and oil and gas extraction [21]",0.009
"256","2017","Nunavut","Utilities [22]",0
"257","2017","Nunavut","Construction [23]",0.005
"258","2017","Nunavut","Manufacturing [31-33]",0
"259","2017","Nunavut","Wholesale trade [41]",0.001
"260","2017","Nunavut","Retail trade [44-45]",0
"261","2017","Nunavut","Transportation and warehousing [48-49]",0
"262","2017","Nunavut","Information and cultural industries [51]",0
"263","2017","Nunavut","Finance and insurance [52]",0
"264","2017","Nunavut","Real estate and rental and leasing [53]",0
"265","2017","Nunavut","Professional, scientific and technical services [54]",0
"266","2017","Nunavut","Management of companies and enterprises [55]",0
"267","2017","Nunavut","Administrative and support, waste management and remediation services [56]",0
"268","2017","Nunavut","Educational services [61]",0
"269","2017","Nunavut","Health care and social assistance [62]",0
"270","2017","Nunavut","Arts, entertainment and recreation [71]",0
"271","2017","Nunavut","Accommodation and food services [72]",0
"272","2017","Nunavut","Other services (except public administration) [81]",0
"273","2017","Nunavut","Public administration [91]",0.001
"274","2018","Newfoundland and Labrador","All industries [T001]",-0.055
"275","2018","Newfoundland and Labrador","Agriculture, forestry, fishing and hunting [11]",-0.002
"276","2018","Newfoundland and Labrador","Mining, quarrying, and oil and gas extraction [21]",-0.012
"277","2018","Newfoundland and Labrador","Utilities [22]",0.001
"278","2018","Newfoundland and Labrador","Construction [23]",-0.045
"279","2018","Newfoundland and Labrador","Manufacturing [31-33]",0
"280","2018","Newfoundland and Labrador","Wholesale trade [41]",-0.001
"281","2018","Newfoundland and Labrador","Retail trade [44-45]",-0.002
"282","2018","Newfoundland and Labrador","Transportation and warehousing [48-49]",-0.001
"283","2018","Newfoundland and Labrador","Information and cultural industries [51]",0
"284","2018","Newfoundland and Labrador","Finance and insurance [52]",-0.001
"285","2018","Newfoundland and Labrador","Real estate and rental and leasing [53]",0.003
"286","2018","Newfoundland and Labrador","Professional, scientific and technical services [54]",0.003
"287","2018","Newfoundland and Labrador","Management of companies and enterprises [55]",-0.001
"288","2018","Newfoundland and Labrador","Administrative and support, waste management and remediation services [56]",-0.001
"289","2018","Newfoundland and Labrador","Educational services [61]",0.001
"290","2018","Newfoundland and Labrador","Health care and social assistance [62]",0.001
"291","2018","Newfoundland and Labrador","Arts, entertainment and recreation [71]",0
"292","2018","Newfoundland and Labrador","Accommodation and food services [72]",0
"293","2018","Newfoundland and Labrador","Other services (except public administration) [81]",0
"294","2018","Newfoundland and Labrador","Public administration [91]",0.002
"295","2018","Prince Edward Island","All industries [T001]",0.008
"296","2018","Prince Edward Island","Agriculture, forestry, fishing and hunting [11]",0
"297","2018","Prince Edward Island","Mining, quarrying, and oil and gas extraction [21]",0
"298","2018","Prince Edward Island","Utilities [22]",0
"299","2018","Prince Edward Island","Construction [23]",0
"300","2018","Prince Edward Island","Manufacturing [31-33]",0.002
"301","2018","Prince Edward Island","Wholesale trade [41]",0
"302","2018","Prince Edward Island","Retail trade [44-45]",0
"303","2018","Prince Edward Island","Transportation and warehousing [48-49]",0
"304","2018","Prince Edward Island","Information and cultural industries [51]",0
"305","2018","Prince Edward Island","Finance and insurance [52]",0
"306","2018","Prince Edward Island","Real estate and rental and leasing [53]",0.001
"307","2018","Prince Edward Island","Professional, scientific and technical services [54]",0
"308","2018","Prince Edward Island","Management of companies and enterprises [55]",0
"309","2018","Prince Edward Island","Administrative and support, waste management and remediation services [56]",0
"310","2018","Prince Edward Island","Educational services [61]",0.001
"311","2018","Prince Edward Island","Health care and social assistance [62]",0.001
"312","2018","Prince Edward Island","Arts, entertainment and recreation [71]",0
"313","2018","Prince Edward Island","Accommodation and food services [72]",0
"314","2018","Prince Edward Island","Other services (except public administration) [81]",0
"315","2018","Prince Edward Island","Public administration [91]",0.001
"316","2018","Nova Scotia","All industries [T001]",0.037
"317","2018","Nova Scotia","Agriculture, forestry, fishing and hunting [11]",-0.001
"318","2018","Nova Scotia","Mining, quarrying, and oil and gas extraction [21]",0.006
"319","2018","Nova Scotia","Utilities [22]",0.002
"320","2018","Nova Scotia","Construction [23]",-0.01
"321","2018","Nova Scotia","Manufacturing [31-33]",0.009
"322","2018","Nova Scotia","Wholesale trade [41]",0.001
"323","2018","Nova Scotia","Retail trade [44-45]",0
"324","2018","Nova Scotia","Transportation and warehousing [48-49]",0.002
"325","2018","Nova Scotia","Information and cultural industries [51]",0.002
"326","2018","Nova Scotia","Finance and insurance [52]",0.001
"327","2018","Nova Scotia","Real estate and rental and leasing [53]",0.007
"328","2018","Nova Scotia","Professional, scientific and technical services [54]",0.004
"329","2018","Nova Scotia","Management of companies and enterprises [55]",-0.001
"330","2018","Nova Scotia","Administrative and support, waste management and remediation services [56]",0.001
"331","2018","Nova Scotia","Educational services [61]",0.002
"332","2018","Nova Scotia","Health care and social assistance [62]",0.005
"333","2018","Nova Scotia","Arts, entertainment and recreation [71]",0
"334","2018","Nova Scotia","Accommodation and food services [72]",0.001
"335","2018","Nova Scotia","Other services (except public administration) [81]",0.001
"336","2018","Nova Scotia","Public administration [91]",0.006
"337","2018","New Brunswick","All industries [T001]",0.008
"338","2018","New Brunswick","Agriculture, forestry, fishing and hunting [11]",-0.003
"339","2018","New Brunswick","Mining, quarrying, and oil and gas extraction [21]",-0.001
"340","2018","New Brunswick","Utilities [22]",0
"341","2018","New Brunswick","Construction [23]",0.008
"342","2018","New Brunswick","Manufacturing [31-33]",-0.007
"343","2018","New Brunswick","Wholesale trade [41]",-0.002
"344","2018","New Brunswick","Retail trade [44-45]",0
"345","2018","New Brunswick","Transportation and warehousing [48-49]",-0.005
"346","2018","New Brunswick","Information and cultural industries [51]",0.001
"347","2018","New Brunswick","Finance and insurance [52]",0
"348","2018","New Brunswick","Real estate and rental and leasing [53]",0.004
"349","2018","New Brunswick","Professional, scientific and technical services [54]",0.003
"350","2018","New Brunswick","Management of companies and enterprises [55]",-0.001
"351","2018","New Brunswick","Administrative and support, waste management and remediation services [56]",-0.001
"352","2018","New Brunswick","Educational services [61]",0.002
"353","2018","New Brunswick","Health care and social assistance [62]",0.003
"354","2018","New Brunswick","Arts, entertainment and recreation [71]",0
"355","2018","New Brunswick","Accommodation and food services [72]",0
"356","2018","New Brunswick","Other services (except public administration) [81]",0
"357","2018","New Brunswick","Public administration [91]",0.005
"358","2018","Quebec","All industries [T001]",0.591
"359","2018","Quebec","Agriculture, forestry, fishing and hunting [11]",0.005
"360","2018","Quebec","Mining, quarrying, and oil and gas extraction [21]",0.034
"361","2018","Quebec","Utilities [22]",0.019
"362","2018","Quebec","Construction [23]",0.048
"363","2018","Quebec","Manufacturing [31-33]",0.102
"364","2018","Quebec","Wholesale trade [41]",0.037
"365","2018","Quebec","Retail trade [44-45]",0.027
"366","2018","Quebec","Transportation and warehousing [48-49]",0.037
"367","2018","Quebec","Information and cultural industries [51]",0.013
"368","2018","Quebec","Finance and insurance [52]",0.028
"369","2018","Quebec","Real estate and rental and leasing [53]",0.054
"370","2018","Quebec","Professional, scientific and technical services [54]",0.049
"371","2018","Quebec","Management of companies and enterprises [55]",-0.006
"372","2018","Quebec","Administrative and support, waste management and remediation services [56]",0.007
"373","2018","Quebec","Educational services [61]",0.028
"374","2018","Quebec","Health care and social assistance [62]",0.051
"375","2018","Quebec","Arts, entertainment and recreation [71]",0.003
"376","2018","Quebec","Accommodation and food services [72]",0.016
"377","2018","Quebec","Other services (except public administration) [81]",0.005
"378","2018","Quebec","Public administration [91]",0.037
"379","2018","Ontario","All industries [T001]",1.117
"380","2018","Ontario","Agriculture, forestry, fishing and hunting [11]",0.024
"381","2018","Ontario","Mining, quarrying, and oil and gas extraction [21]",0.002
"382","2018","Ontario","Utilities [22]",0.03
"383","2018","Ontario","Construction [23]",0.111
"384","2018","Ontario","Manufacturing [31-33]",0.148
"385","2018","Ontario","Wholesale trade [41]",0.077
"386","2018","Ontario","Retail trade [44-45]",0.052
"387","2018","Ontario","Transportation and warehousing [48-49]",0.057
"388","2018","Ontario","Information and cultural industries [51]",0.032
"389","2018","Ontario","Finance and insurance [52]",0.083
"390","2018","Ontario","Real estate and rental and leasing [53]",0.09
"391","2018","Ontario","Professional, scientific and technical services [54]",0.13
"392","2018","Ontario","Management of companies and enterprises [55]",-0.029
"393","2018","Ontario","Administrative and support, waste management and remediation services [56]",0.034
"394","2018","Ontario","Educational services [61]",0.063
"395","2018","Ontario","Health care and social assistance [62]",0.099
"396","2018","Ontario","Arts, entertainment and recreation [71]",0.002
"397","2018","Ontario","Accommodation and food services [72]",0.012
"398","2018","Ontario","Other services (except public administration) [81]",0.003
"399","2018","Ontario","Public administration [91]",0.094
"400","2018","Manitoba","All industries [T001]",0.054
"401","2018","Manitoba","Agriculture, forestry, fishing and hunting [11]",-0.003
"402","2018","Manitoba","Mining, quarrying, and oil and gas extraction [21]",-0.002
"403","2018","Manitoba","Utilities [22]",-0.002
"404","2018","Manitoba","Construction [23]",0.008
"405","2018","Manitoba","Manufacturing [31-33]",0.016
"406","2018","Manitoba","Wholesale trade [41]",0.002
"407","2018","Manitoba","Retail trade [44-45]",0.001
"408","2018","Manitoba","Transportation and warehousing [48-49]",0.007
"409","2018","Manitoba","Information and cultural industries [51]",0.002
"410","2018","Manitoba","Finance and insurance [52]",0.001
"411","2018","Manitoba","Real estate and rental and leasing [53]",0.01
"412","2018","Manitoba","Professional, scientific and technical services [54]",0.002
"413","2018","Manitoba","Management of companies and enterprises [55]",-0.002
"414","2018","Manitoba","Administrative and support, waste management and remediation services [56]",-0.001
"415","2018","Manitoba","Educational services [61]",0.004
"416","2018","Manitoba","Health care and social assistance [62]",0.004
"417","2018","Manitoba","Arts, entertainment and recreation [71]",0
"418","2018","Manitoba","Accommodation and food services [72]",0.002
"419","2018","Manitoba","Other services (except public administration) [81]",0
"420","2018","Manitoba","Public administration [91]",0.005
"421","2018","Saskatchewan","All industries [T001]",0.046
"422","2018","Saskatchewan","Agriculture, forestry, fishing and hunting [11]",0.002
"423","2018","Saskatchewan","Mining, quarrying, and oil and gas extraction [21]",0.021
"424","2018","Saskatchewan","Utilities [22]",0.004
"425","2018","Saskatchewan","Construction [23]",-0.017
"426","2018","Saskatchewan","Manufacturing [31-33]",0.006
"427","2018","Saskatchewan","Wholesale trade [41]",0.007
"428","2018","Saskatchewan","Retail trade [44-45]",-0.002
"429","2018","Saskatchewan","Transportation and warehousing [48-49]",0.005
"430","2018","Saskatchewan","Information and cultural industries [51]",0
"431","2018","Saskatchewan","Finance and insurance [52]",0.001
"432","2018","Saskatchewan","Real estate and rental and leasing [53]",0.008
"433","2018","Saskatchewan","Professional, scientific and technical services [54]",-0.003
"434","2018","Saskatchewan","Management of companies and enterprises [55]",-0.001
"435","2018","Saskatchewan","Administrative and support, waste management and remediation services [56]",-0.003
"436","2018","Saskatchewan","Educational services [61]",0.005
"437","2018","Saskatchewan","Health care and social assistance [62]",0.006
"438","2018","Saskatchewan","Arts, entertainment and recreation [71]",0
"439","2018","Saskatchewan","Accommodation and food services [72]",0.002
"440","2018","Saskatchewan","Other services (except public administration) [81]",0
"441","2018","Saskatchewan","Public administration [91]",0.006
"442","2018","Alberta","All industries [T001]",0.31
"443","2018","Alberta","Agriculture, forestry, fishing and hunting [11]",-0.016
"444","2018","Alberta","Mining, quarrying, and oil and gas extraction [21]",0.233
"445","2018","Alberta","Utilities [22]",0.001
"446","2018","Alberta","Construction [23]",-0.074
"447","2018","Alberta","Manufacturing [31-33]",0.025
"448","2018","Alberta","Wholesale trade [41]",0.034
"449","2018","Alberta","Retail trade [44-45]",-0.002
"450","2018","Alberta","Transportation and warehousing [48-49]",0.022
"451","2018","Alberta","Information and cultural industries [51]",0.003
"452","2018","Alberta","Finance and insurance [52]",0.011
"453","2018","Alberta","Real estate and rental and leasing [53]",0.031
"454","2018","Alberta","Professional, scientific and technical services [54]",-0.033
"455","2018","Alberta","Management of companies and enterprises [55]",-0.006
"456","2018","Alberta","Administrative and support, waste management and remediation services [56]",0.006
"457","2018","Alberta","Educational services [61]",0.019
"458","2018","Alberta","Health care and social assistance [62]",0.031
"459","2018","Alberta","Arts, entertainment and recreation [71]",0.002
"460","2018","Alberta","Accommodation and food services [72]",0.001
"461","2018","Alberta","Other services (except public administration) [81]",0.01
"462","2018","Alberta","Public administration [91]",0.013
"463","2018","British Columbia","All industries [T001]",0.373
"464","2018","British Columbia","Agriculture, forestry, fishing and hunting [11]",0.015
"465","2018","British Columbia","Mining, quarrying, and oil and gas extraction [21]",0.052
"466","2018","British Columbia","Utilities [22]",-0.012
"467","2018","British Columbia","Construction [23]",0.035
"468","2018","British Columbia","Manufacturing [31-33]",0.008
"469","2018","British Columbia","Wholesale trade [41]",0.013
"470","2018","British Columbia","Retail trade [44-45]",0.014
"471","2018","British Columbia","Transportation and warehousing [48-49]",0.042
"472","2018","British Columbia","Information and cultural industries [51]",0.01
"473","2018","British Columbia","Finance and insurance [52]",0.019
"474","2018","British Columbia","Real estate and rental and leasing [53]",0.035
"475","2018","British Columbia","Professional, scientific and technical services [54]",0.048
"476","2018","British Columbia","Management of companies and enterprises [55]",-0.004
"477","2018","British Columbia","Administrative and support, waste management and remediation services [56]",0
"478","2018","British Columbia","Educational services [61]",0.025
"479","2018","British Columbia","Health care and social assistance [62]",0.027
"480","2018","British Columbia","Arts, entertainment and recreation [71]",0.003
"481","2018","British Columbia","Accommodation and food services [72]",0.017
"482","2018","British Columbia","Other services (except public administration) [81]",0.002
"483","2018","British Columbia","Public administration [91]",0.023
"484","2018","Yukon","All industries [T001]",0.005
"485","2018","Yukon","Agriculture, forestry, fishing and hunting [11]",0
"486","2018","Yukon","Mining, quarrying, and oil and gas extraction [21]",-0.003
"487","2018","Yukon","Utilities [22]",0
"488","2018","Yukon","Construction [23]",0.004
"489","2018","Yukon","Manufacturing [31-33]",0
"490","2018","Yukon","Wholesale trade [41]",0.001
"491","2018","Yukon","Retail trade [44-45]",0
"492","2018","Yukon","Transportation and warehousing [48-49]",0.001
"493","2018","Yukon","Information and cultural industries [51]",0
"494","2018","Yukon","Finance and insurance [52]",0
"495","2018","Yukon","Real estate and rental and leasing [53]",0.001
"496","2018","Yukon","Professional, scientific and technical services [54]",0.001
"497","2018","Yukon","Management of companies and enterprises [55]",0
"498","2018","Yukon","Administrative and support, waste management and remediation services [56]",0
"499","2018","Yukon","Educational services [61]",0
"500","2018","Yukon","Health care and social assistance [62]",0
"501","2018","Yukon","Arts, entertainment and recreation [71]",0
"502","2018","Yukon","Accommodation and food services [72]",0
"503","2018","Yukon","Other services (except public administration) [81]",0
"504","2018","Yukon","Public administration [91]",0.001
"505","2018","Northwest Territories","All industries [T001]",0.001
"506","2018","Northwest Territories","Agriculture, forestry, fishing and hunting [11]",0
"507","2018","Northwest Territories","Mining, quarrying, and oil and gas extraction [21]",-0.001
"508","2018","Northwest Territories","Utilities [22]",0
"509","2018","Northwest Territories","Construction [23]",0
"510","2018","Northwest Territories","Manufacturing [31-33]",0
"511","2018","Northwest Territories","Wholesale trade [41]",0
"512","2018","Northwest Territories","Retail trade [44-45]",0
"513","2018","Northwest Territories","Transportation and warehousing [48-49]",0
"514","2018","Northwest Territories","Information and cultural industries [51]",0
"515","2018","Northwest Territories","Finance and insurance [52]",0
"516","2018","Northwest Territories","Real estate and rental and leasing [53]",0
"517","2018","Northwest Territories","Professional, scientific and technical services [54]",0
"518","2018","Northwest Territories","Management of companies and enterprises [55]",0
"519","2018","Northwest Territories","Administrative and support, waste management and remediation services [56]",0
"520","2018","Northwest Territories","Educational services [61]",0
"521","2018","Northwest Territories","Health care and social assistance [62]",0
"522","2018","Northwest Territories","Arts, entertainment and recreation [71]",0
"523","2018","Northwest Territories","Accommodation and food services [72]",0
"524","2018","Northwest Territories","Other services (except public administration) [81]",0
"525","2018","Northwest Territories","Public administration [91]",0
"526","2018","Nunavut","All industries [T001]",0.007
"527","2018","Nunavut","Agriculture, forestry, fishing and hunting [11]",0
"528","2018","Nunavut","Mining, quarrying, and oil and gas extraction [21]",0.001
"529","2018","Nunavut","Utilities [22]",0
"530","2018","Nunavut","Construction [23]",0.004
"531","2018","Nunavut","Manufacturing [31-33]",0
"532","2018","Nunavut","Wholesale trade [41]",0
"533","2018","Nunavut","Retail trade [44-45]",0
"534","2018","Nunavut","Transportation and warehousing [48-49]",0
"535","2018","Nunavut","Information and cultural industries [51]",0
"536","2018","Nunavut","Finance and insurance [52]",0
"537","2018","Nunavut","Real estate and rental and leasing [53]",0
"538","2018","Nunavut","Professional, scientific and technical services [54]",0
"539","2018","Nunavut","Management of companies and enterprises [55]",0
"540","2018","Nunavut","Administrative and support, waste management and remediation services [56]",0
"541","2018","Nunavut","Educational services [61]",0
"542","2018","Nunavut","Health care and social assistance [62]",0
"543","2018","Nunavut","Arts, entertainment and recreation [71]",0
"544","2018","Nunavut","Accommodation and food services [72]",0
"545","2018","Nunavut","Other services (except public administration) [81]",0
"546","2018","Nunavut","Public administration [91]",0.001
"547","2019","Newfoundland and Labrador","All industries [T001]",0.06
"548","2019","Newfoundland and Labrador","Agriculture, forestry, fishing and hunting [11]",0
"549","2019","Newfoundland and Labrador","Mining, quarrying, and oil and gas extraction [21]",0.044
"550","2019","Newfoundland and Labrador","Utilities [22]",0
"551","2019","Newfoundland and Labrador","Construction [23]",0.006
"552","2019","Newfoundland and Labrador","Manufacturing [31-33]",0.001
"553","2019","Newfoundland and Labrador","Wholesale trade [41]",0
"554","2019","Newfoundland and Labrador","Retail trade [44-45]",-0.001
"555","2019","Newfoundland and Labrador","Transportation and warehousing [48-49]",0.001
"556","2019","Newfoundland and Labrador","Information and cultural industries [51]",0
"557","2019","Newfoundland and Labrador","Finance and insurance [52]",0.001
"558","2019","Newfoundland and Labrador","Real estate and rental and leasing [53]",0.001
"559","2019","Newfoundland and Labrador","Professional, scientific and technical services [54]",0.001
"560","2019","Newfoundland and Labrador","Management of companies and enterprises [55]",-0.001
"561","2019","Newfoundland and Labrador","Administrative and support, waste management and remediation services [56]",0.001
"562","2019","Newfoundland and Labrador","Educational services [61]",0
"563","2019","Newfoundland and Labrador","Health care and social assistance [62]",0.003
"564","2019","Newfoundland and Labrador","Arts, entertainment and recreation [71]",0
"565","2019","Newfoundland and Labrador","Accommodation and food services [72]",0.001
"566","2019","Newfoundland and Labrador","Other services (except public administration) [81]",0
"567","2019","Newfoundland and Labrador","Public administration [91]",0.001
"568","2019","Prince Edward Island","All industries [T001]",0.016
"569","2019","Prince Edward Island","Agriculture, forestry, fishing and hunting [11]",0.002
"570","2019","Prince Edward Island","Mining, quarrying, and oil and gas extraction [21]",0
"571","2019","Prince Edward Island","Utilities [22]",0
"572","2019","Prince Edward Island","Construction [23]",0.003
"573","2019","Prince Edward Island","Manufacturing [31-33]",0.002
"574","2019","Prince Edward Island","Wholesale trade [41]",0
"575","2019","Prince Edward Island","Retail trade [44-45]",0
"576","2019","Prince Edward Island","Transportation and warehousing [48-49]",0.001
"577","2019","Prince Edward Island","Information and cultural industries [51]",0
"578","2019","Prince Edward Island","Finance and insurance [52]",0.001
"579","2019","Prince Edward Island","Real estate and rental and leasing [53]",0.002
"580","2019","Prince Edward Island","Professional, scientific and technical services [54]",0
"581","2019","Prince Edward Island","Management of companies and enterprises [55]",0
"582","2019","Prince Edward Island","Administrative and support, waste management and remediation services [56]",0
"583","2019","Prince Edward Island","Educational services [61]",0.001
"584","2019","Prince Edward Island","Health care and social assistance [62]",0.001
"585","2019","Prince Edward Island","Arts, entertainment and recreation [71]",0
"586","2019","Prince Edward Island","Accommodation and food services [72]",0
"587","2019","Prince Edward Island","Other services (except public administration) [81]",0
"588","2019","Prince Edward Island","Public administration [91]",0.001
"589","2019","Nova Scotia","All industries [T001]",0.048
"590","2019","Nova Scotia","Agriculture, forestry, fishing and hunting [11]",0.001
"591","2019","Nova Scotia","Mining, quarrying, and oil and gas extraction [21]",-0.003
"592","2019","Nova Scotia","Utilities [22]",0
"593","2019","Nova Scotia","Construction [23]",0.006
"594","2019","Nova Scotia","Manufacturing [31-33]",0.008
"595","2019","Nova Scotia","Wholesale trade [41]",0.002
"596","2019","Nova Scotia","Retail trade [44-45]",0.001
"597","2019","Nova Scotia","Transportation and warehousing [48-49]",0.002
"598","2019","Nova Scotia","Information and cultural industries [51]",0.001
"599","2019","Nova Scotia","Finance and insurance [52]",0.003
"600","2019","Nova Scotia","Real estate and rental and leasing [53]",0.008
"601","2019","Nova Scotia","Professional, scientific and technical services [54]",0.002
"602","2019","Nova Scotia","Management of companies and enterprises [55]",-0.001
"603","2019","Nova Scotia","Administrative and support, waste management and remediation services [56]",-0.001
"604","2019","Nova Scotia","Educational services [61]",0.003
"605","2019","Nova Scotia","Health care and social assistance [62]",0.007
"606","2019","Nova Scotia","Arts, entertainment and recreation [71]",0.001
"607","2019","Nova Scotia","Accommodation and food services [72]",0.002
"608","2019","Nova Scotia","Other services (except public administration) [81]",0.001
"609","2019","Nova Scotia","Public administration [91]",0.005
"610","2019","New Brunswick","All industries [T001]",0.018
"611","2019","New Brunswick","Agriculture, forestry, fishing and hunting [11]",0.001
"612","2019","New Brunswick","Mining, quarrying, and oil and gas extraction [21]",-0.002
"613","2019","New Brunswick","Utilities [22]",0.006
"614","2019","New Brunswick","Construction [23]",-0.007
"615","2019","New Brunswick","Manufacturing [31-33]",0.003
"616","2019","New Brunswick","Wholesale trade [41]",0.002
"617","2019","New Brunswick","Retail trade [44-45]",0.001
"618","2019","New Brunswick","Transportation and warehousing [48-49]",0.001
"619","2019","New Brunswick","Information and cultural industries [51]",0
"620","2019","New Brunswick","Finance and insurance [52]",0.001
"621","2019","New Brunswick","Real estate and rental and leasing [53]",0.002
"622","2019","New Brunswick","Professional, scientific and technical services [54]",0.001
"623","2019","New Brunswick","Management of companies and enterprises [55]",-0.001
"624","2019","New Brunswick","Administrative and support, waste management and remediation services [56]",-0.001
"625","2019","New Brunswick","Educational services [61]",0.002
"626","2019","New Brunswick","Health care and social assistance [62]",0.005
"627","2019","New Brunswick","Arts, entertainment and recreation [71]",0
"628","2019","New Brunswick","Accommodation and food services [72]",0.001
"629","2019","New Brunswick","Other services (except public administration) [81]",0
"630","2019","New Brunswick","Public administration [91]",0.003
"631","2019","Quebec","All industries [T001]",0.521
"632","2019","Quebec","Agriculture, forestry, fishing and hunting [11]",0.013
"633","2019","Quebec","Mining, quarrying, and oil and gas extraction [21]",0.004
"634","2019","Quebec","Utilities [22]",0.002
"635","2019","Quebec","Construction [23]",0.04
"636","2019","Quebec","Manufacturing [31-33]",0.074
"637","2019","Quebec","Wholesale trade [41]",0.04
"638","2019","Quebec","Retail trade [44-45]",0.004
"639","2019","Quebec","Transportation and warehousing [48-49]",0.022
"640","2019","Quebec","Information and cultural industries [51]",0.023
"641","2019","Quebec","Finance and insurance [52]",0.03
"642","2019","Quebec","Real estate and rental and leasing [53]",0.052
"643","2019","Quebec","Professional, scientific and technical services [54]",0.07
"644","2019","Quebec","Management of companies and enterprises [55]",-0.012
"645","2019","Quebec","Administrative and support, waste management and remediation services [56]",0.015
"646","2019","Quebec","Educational services [61]",0.034
"647","2019","Quebec","Health care and social assistance [62]",0.043
"648","2019","Quebec","Arts, entertainment and recreation [71]",0.005
"649","2019","Quebec","Accommodation and food services [72]",0.011
"650","2019","Quebec","Other services (except public administration) [81]",0.014
"651","2019","Quebec","Public administration [91]",0.04
"652","2019","Ontario","All industries [T001]",0.795
"653","2019","Ontario","Agriculture, forestry, fishing and hunting [11]",0.047
"654","2019","Ontario","Mining, quarrying, and oil and gas extraction [21]",-0.019
"655","2019","Ontario","Utilities [22]",0.007
"656","2019","Ontario","Construction [23]",-0.04
"657","2019","Ontario","Manufacturing [31-33]",-0.033
"658","2019","Ontario","Wholesale trade [41]",0.052
"659","2019","Ontario","Retail trade [44-45]",0.036
"660","2019","Ontario","Transportation and warehousing [48-49]",0.012
"661","2019","Ontario","Information and cultural industries [51]",0.065
"662","2019","Ontario","Finance and insurance [52]",0.11
"663","2019","Ontario","Real estate and rental and leasing [53]",0.159
"664","2019","Ontario","Professional, scientific and technical services [54]",0.161
"665","2019","Ontario","Management of companies and enterprises [55]",-0.014
"666","2019","Ontario","Administrative and support, waste management and remediation services [56]",0.015
"667","2019","Ontario","Educational services [61]",0.03
"668","2019","Ontario","Health care and social assistance [62]",0.09
"669","2019","Ontario","Arts, entertainment and recreation [71]",0.004
"670","2019","Ontario","Accommodation and food services [72]",0.021
"671","2019","Ontario","Other services (except public administration) [81]",0.007
"672","2019","Ontario","Public administration [91]",0.086
"673","2019","Manitoba","All industries [T001]",0.016
"674","2019","Manitoba","Agriculture, forestry, fishing and hunting [11]",-0.006
"675","2019","Manitoba","Mining, quarrying, and oil and gas extraction [21]",-0.003
"676","2019","Manitoba","Utilities [22]",0.009
"677","2019","Manitoba","Construction [23]",0.003
"678","2019","Manitoba","Manufacturing [31-33]",-0.017
"679","2019","Manitoba","Wholesale trade [41]",-0.004
"680","2019","Manitoba","Retail trade [44-45]",0.001
"681","2019","Manitoba","Transportation and warehousing [48-49]",0
"682","2019","Manitoba","Information and cultural industries [51]",0.002
"683","2019","Manitoba","Finance and insurance [52]",0.004
"684","2019","Manitoba","Real estate and rental and leasing [53]",0.008
"685","2019","Manitoba","Professional, scientific and technical services [54]",0.003
"686","2019","Manitoba","Management of companies and enterprises [55]",-0.002
"687","2019","Manitoba","Administrative and support, waste management and remediation services [56]",0
"688","2019","Manitoba","Educational services [61]",0.005
"689","2019","Manitoba","Health care and social assistance [62]",0.007
"690","2019","Manitoba","Arts, entertainment and recreation [71]",0
"691","2019","Manitoba","Accommodation and food services [72]",0.002
"692","2019","Manitoba","Other services (except public administration) [81]",-0.001
"693","2019","Manitoba","Public administration [91]",0.004
"694","2019","Saskatchewan","All industries [T001]",-0.033
"695","2019","Saskatchewan","Agriculture, forestry, fishing and hunting [11]",0.003
"696","2019","Saskatchewan","Mining, quarrying, and oil and gas extraction [21]",-0.024
"697","2019","Saskatchewan","Utilities [22]",-0.001
"698","2019","Saskatchewan","Construction [23]",-0.013
"699","2019","Saskatchewan","Manufacturing [31-33]",-0.014
"700","2019","Saskatchewan","Wholesale trade [41]",-0.002
"701","2019","Saskatchewan","Retail trade [44-45]",-0.001
"702","2019","Saskatchewan","Transportation and warehousing [48-49]",-0.002
"703","2019","Saskatchewan","Information and cultural industries [51]",0.001
"704","2019","Saskatchewan","Finance and insurance [52]",0.003
"705","2019","Saskatchewan","Real estate and rental and leasing [53]",0.001
"706","2019","Saskatchewan","Professional, scientific and technical services [54]",-0.001
"707","2019","Saskatchewan","Management of companies and enterprises [55]",-0.001
"708","2019","Saskatchewan","Administrative and support, waste management and remediation services [56]",-0.001
"709","2019","Saskatchewan","Educational services [61]",0.005
"710","2019","Saskatchewan","Health care and social assistance [62]",0.008
"711","2019","Saskatchewan","Arts, entertainment and recreation [71]",0.001
"712","2019","Saskatchewan","Accommodation and food services [72]",0.001
"713","2019","Saskatchewan","Other services (except public administration) [81]",0
"714","2019","Saskatchewan","Public administration [91]",0.004
"715","2019","Alberta","All industries [T001]",0.006
"716","2019","Alberta","Agriculture, forestry, fishing and hunting [11]",0.018
"717","2019","Alberta","Mining, quarrying, and oil and gas extraction [21]",-0.03
"718","2019","Alberta","Utilities [22]",0
"719","2019","Alberta","Construction [23]",-0.101
"720","2019","Alberta","Manufacturing [31-33]",-0.033
"721","2019","Alberta","Wholesale trade [41]",-0.003
"722","2019","Alberta","Retail trade [44-45]",-0.004
"723","2019","Alberta","Transportation and warehousing [48-49]",0.008
"724","2019","Alberta","Information and cultural industries [51]",0.008
"725","2019","Alberta","Finance and insurance [52]",0.018
"726","2019","Alberta","Real estate and rental and leasing [53]",0.043
"727","2019","Alberta","Professional, scientific and technical services [54]",0.003
"728","2019","Alberta","Management of companies and enterprises [55]",-0.002
"729","2019","Alberta","Administrative and support, waste management and remediation services [56]",0.008
"730","2019","Alberta","Educational services [61]",0.018
"731","2019","Alberta","Health care and social assistance [62]",0.037
"732","2019","Alberta","Arts, entertainment and recreation [71]",0.001
"733","2019","Alberta","Accommodation and food services [72]",0.006
"734","2019","Alberta","Other services (except public administration) [81]",0.002
"735","2019","Alberta","Public administration [91]",0.009
"736","2019","British Columbia","All industries [T001]",0.323
"737","2019","British Columbia","Agriculture, forestry, fishing and hunting [11]",-0.023
"738","2019","British Columbia","Mining, quarrying, and oil and gas extraction [21]",0.002
"739","2019","British Columbia","Utilities [22]",0.002
"740","2019","British Columbia","Construction [23]",0.095
"741","2019","British Columbia","Manufacturing [31-33]",-0.008
"742","2019","British Columbia","Wholesale trade [41]",-0.004
"743","2019","British Columbia","Retail trade [44-45]",0.002
"744","2019","British Columbia","Transportation and warehousing [48-49]",0.017
"745","2019","British Columbia","Information and cultural industries [51]",0.008
"746","2019","British Columbia","Finance and insurance [52]",0.028
"747","2019","British Columbia","Real estate and rental and leasing [53]",0.074
"748","2019","British Columbia","Professional, scientific and technical services [54]",0.032
"749","2019","British Columbia","Management of companies and enterprises [55]",-0.004
"750","2019","British Columbia","Administrative and support, waste management and remediation services [56]",0.004
"751","2019","British Columbia","Educational services [61]",0.02
"752","2019","British Columbia","Health care and social assistance [62]",0.04
"753","2019","British Columbia","Arts, entertainment and recreation [71]",0.005
"754","2019","British Columbia","Accommodation and food services [72]",0.005
"755","2019","British Columbia","Other services (except public administration) [81]",0.004
"756","2019","British Columbia","Public administration [91]",0.023
"757","2019","Yukon","All industries [T001]",0.001
"758","2019","Yukon","Agriculture, forestry, fishing and hunting [11]",0
"759","2019","Yukon","Mining, quarrying, and oil and gas extraction [21]",-0.001
"760","2019","Yukon","Utilities [22]",0
"761","2019","Yukon","Construction [23]",0
"762","2019","Yukon","Manufacturing [31-33]",0
"763","2019","Yukon","Wholesale trade [41]",-0.001
"764","2019","Yukon","Retail trade [44-45]",0
"765","2019","Yukon","Transportation and warehousing [48-49]",0
"766","2019","Yukon","Information and cultural industries [51]",0
"767","2019","Yukon","Finance and insurance [52]",0
"768","2019","Yukon","Real estate and rental and leasing [53]",0.001
"769","2019","Yukon","Professional, scientific and technical services [54]",0
"770","2019","Yukon","Management of companies and enterprises [55]",0
"771","2019","Yukon","Administrative and support, waste management and remediation services [56]",0
"772","2019","Yukon","Educational services [61]",0
"773","2019","Yukon","Health care and social assistance [62]",0
"774","2019","Yukon","Arts, entertainment and recreation [71]",0
"775","2019","Yukon","Accommodation and food services [72]",0
"776","2019","Yukon","Other services (except public administration) [81]",0
"777","2019","Yukon","Public administration [91]",0
"778","2019","Northwest Territories","All industries [T001]",-0.018
"779","2019","Northwest Territories","Agriculture, forestry, fishing and hunting [11]",0
"780","2019","Northwest Territories","Mining, quarrying, and oil and gas extraction [21]",-0.015
"781","2019","Northwest Territories","Utilities [22]",0
"782","2019","Northwest Territories","Construction [23]",-0.004
"783","2019","Northwest Territories","Manufacturing [31-33]",0
"784","2019","Northwest Territories","Wholesale trade [41]",-0.001
"785","2019","Northwest Territories","Retail trade [44-45]",0
"786","2019","Northwest Territories","Transportation and warehousing [48-49]",0
"787","2019","Northwest Territories","Information and cultural industries [51]",0
"788","2019","Northwest Territories","Finance and insurance [52]",0
"789","2019","Northwest Territories","Real estate and rental and leasing [53]",0
"790","2019","Northwest Territories","Professional, scientific and technical services [54]",0
"791","2019","Northwest Territories","Management of companies and enterprises [55]",0
"792","2019","Northwest Territories","Administrative and support, waste management and remediation services [56]",0
"793","2019","Northwest Territories","Educational services [61]",0
"794","2019","Northwest Territories","Health care and social assistance [62]",0.001
"795","2019","Northwest Territories","Arts, entertainment and recreation [71]",0
"796","2019","Northwest Territories","Accommodation and food services [72]",0
"797","2019","Northwest Territories","Other services (except public administration) [81]",0
"798","2019","Northwest Territories","Public administration [91]",0.001
"799","2019","Nunavut","All industries [T001]",0.01
"800","2019","Nunavut","Agriculture, forestry, fishing and hunting [11]",0
"801","2019","Nunavut","Mining, quarrying, and oil and gas extraction [21]",0.007
"802","2019","Nunavut","Utilities [22]",0
"803","2019","Nunavut","Construction [23]",0
"804","2019","Nunavut","Manufacturing [31-33]",0
"805","2019","Nunavut","Wholesale trade [41]",0
"806","2019","Nunavut","Retail trade [44-45]",0
"807","2019","Nunavut","Transportation and warehousing [48-49]",0
"808","2019","Nunavut","Information and cultural industries [51]",0
"809","2019","Nunavut","Finance and insurance [52]",0
"810","2019","Nunavut","Real estate and rental and leasing [53]",0
"811","2019","Nunavut","Professional, scientific and technical services [54]",0
"812","2019","Nunavut","Management of companies and enterprises [55]",0
"813","2019","Nunavut","Administrative and support, waste management and remediation services [56]",0
"814","2019","Nunavut","Educational services [61]",0
"815","2019","Nunavut","Health care and social assistance [62]",0
"816","2019","Nunavut","Arts, entertainment and recreation [71]",0
"817","2019","Nunavut","Accommodation and food services [72]",0
"818","2019","Nunavut","Other services (except public administration) [81]",0
"819","2019","Nunavut","Public administration [91]",0.001
"820","2020","Newfoundland and Labrador","All industries [T001]",-0.077
"821","2020","Newfoundland and Labrador","Agriculture, forestry, fishing and hunting [11]",0.001
"822","2020","Newfoundland and Labrador","Mining, quarrying, and oil and gas extraction [21]",0.01
"823","2020","Newfoundland and Labrador","Utilities [22]",-0.001
"824","2020","Newfoundland and Labrador","Construction [23]",-0.038
"825","2020","Newfoundland and Labrador","Manufacturing [31-33]",-0.002
"826","2020","Newfoundland and Labrador","Wholesale trade [41]",-0.004
"827","2020","Newfoundland and Labrador","Retail trade [44-45]",-0.001
"828","2020","Newfoundland and Labrador","Transportation and warehousing [48-49]",-0.011
"829","2020","Newfoundland and Labrador","Information and cultural industries [51]",-0.001
"830","2020","Newfoundland and Labrador","Finance and insurance [52]",0.002
"831","2020","Newfoundland and Labrador","Real estate and rental and leasing [53]",-0.001
"832","2020","Newfoundland and Labrador","Professional, scientific and technical services [54]",-0.002
"833","2020","Newfoundland and Labrador","Management of companies and enterprises [55]",0
"834","2020","Newfoundland and Labrador","Administrative and support, waste management and remediation services [56]",-0.003
"835","2020","Newfoundland and Labrador","Educational services [61]",-0.006
"836","2020","Newfoundland and Labrador","Health care and social assistance [62]",-0.006
"837","2020","Newfoundland and Labrador","Arts, entertainment and recreation [71]",-0.002
"838","2020","Newfoundland and Labrador","Accommodation and food services [72]",-0.007
"839","2020","Newfoundland and Labrador","Other services (except public administration) [81]",-0.004
"840","2020","Newfoundland and Labrador","Public administration [91]",-0.002
"841","2020","Prince Edward Island","All industries [T001]",-0.01
"842","2020","Prince Edward Island","Agriculture, forestry, fishing and hunting [11]",-0.002
"843","2020","Prince Edward Island","Mining, quarrying, and oil and gas extraction [21]",0
"844","2020","Prince Edward Island","Utilities [22]",0
"845","2020","Prince Edward Island","Construction [23]",0.001
"846","2020","Prince Edward Island","Manufacturing [31-33]",-0.002
"847","2020","Prince Edward Island","Wholesale trade [41]",0
"848","2020","Prince Edward Island","Retail trade [44-45]",0
"849","2020","Prince Edward Island","Transportation and warehousing [48-49]",-0.001
"850","2020","Prince Edward Island","Information and cultural industries [51]",0
"851","2020","Prince Edward Island","Finance and insurance [52]",0
"852","2020","Prince Edward Island","Real estate and rental and leasing [53]",0.001
"853","2020","Prince Edward Island","Professional, scientific and technical services [54]",0
"854","2020","Prince Edward Island","Management of companies and enterprises [55]",0
"855","2020","Prince Edward Island","Administrative and support, waste management and remediation services [56]",-0.001
"856","2020","Prince Edward Island","Educational services [61]",-0.001
"857","2020","Prince Edward Island","Health care and social assistance [62]",-0.002
"858","2020","Prince Edward Island","Arts, entertainment and recreation [71]",-0.001
"859","2020","Prince Edward Island","Accommodation and food services [72]",-0.003
"860","2020","Prince Edward Island","Other services (except public administration) [81]",-0.001
"861","2020","Prince Edward Island","Public administration [91]",0
"862","2020","Nova Scotia","All industries [T001]",-0.064
"863","2020","Nova Scotia","Agriculture, forestry, fishing and hunting [11]",-0.003
"864","2020","Nova Scotia","Mining, quarrying, and oil and gas extraction [21]",0.001
"865","2020","Nova Scotia","Utilities [22]",-0.003
"866","2020","Nova Scotia","Construction [23]",0.004
"867","2020","Nova Scotia","Manufacturing [31-33]",-0.008
"868","2020","Nova Scotia","Wholesale trade [41]",-0.001
"869","2020","Nova Scotia","Retail trade [44-45]",-0.003
"870","2020","Nova Scotia","Transportation and warehousing [48-49]",-0.011
"871","2020","Nova Scotia","Information and cultural industries [51]",-0.001
"872","2020","Nova Scotia","Finance and insurance [52]",0.006
"873","2020","Nova Scotia","Real estate and rental and leasing [53]",0.009
"874","2020","Nova Scotia","Professional, scientific and technical services [54]",-0.002
"875","2020","Nova Scotia","Management of companies and enterprises [55]",0
"876","2020","Nova Scotia","Administrative and support, waste management and remediation services [56]",-0.006
"877","2020","Nova Scotia","Educational services [61]",-0.005
"878","2020","Nova Scotia","Health care and social assistance [62]",-0.012
"879","2020","Nova Scotia","Arts, entertainment and recreation [71]",-0.006
"880","2020","Nova Scotia","Accommodation and food services [72]",-0.016
"881","2020","Nova Scotia","Other services (except public administration) [81]",-0.005
"882","2020","Nova Scotia","Public administration [91]",-0.002
"883","2020","New Brunswick","All industries [T001]",-0.059
"884","2020","New Brunswick","Agriculture, forestry, fishing and hunting [11]",-0.004
"885","2020","New Brunswick","Mining, quarrying, and oil and gas extraction [21]",-0.003
"886","2020","New Brunswick","Utilities [22]",-0.004
"887","2020","New Brunswick","Construction [23]",-0.005
"888","2020","New Brunswick","Manufacturing [31-33]",-0.008
"889","2020","New Brunswick","Wholesale trade [41]",-0.001
"890","2020","New Brunswick","Retail trade [44-45]",0
"891","2020","New Brunswick","Transportation and warehousing [48-49]",-0.007
"892","2020","New Brunswick","Information and cultural industries [51]",0.001
"893","2020","New Brunswick","Finance and insurance [52]",0.005
"894","2020","New Brunswick","Real estate and rental and leasing [53]",0.003
"895","2020","New Brunswick","Professional, scientific and technical services [54]",0
"896","2020","New Brunswick","Management of companies and enterprises [55]",0
"897","2020","New Brunswick","Administrative and support, waste management and remediation services [56]",-0.007
"898","2020","New Brunswick","Educational services [61]",-0.006
"899","2020","New Brunswick","Health care and social assistance [62]",-0.006
"900","2020","New Brunswick","Arts, entertainment and recreation [71]",-0.002
"901","2020","New Brunswick","Accommodation and food services [72]",-0.01
"902","2020","New Brunswick","Other services (except public administration) [81]",-0.004
"903","2020","New Brunswick","Public administration [91]",-0.001
"904","2020","Quebec","All industries [T001]",-1.049
"905","2020","Quebec","Agriculture, forestry, fishing and hunting [11]",-0.008
"906","2020","Quebec","Mining, quarrying, and oil and gas extraction [21]",-0.021
"907","2020","Quebec","Utilities [22]",-0.025
"908","2020","Quebec","Construction [23]",-0.038
"909","2020","Quebec","Manufacturing [31-33]",-0.25
"910","2020","Quebec","Wholesale trade [41]",-0.01
"911","2020","Quebec","Retail trade [44-45]",-0.013
"912","2020","Quebec","Transportation and warehousing [48-49]",-0.209
"913","2020","Quebec","Information and cultural industries [51]",-0.021
"914","2020","Quebec","Finance and insurance [52]",0.049
"915","2020","Quebec","Real estate and rental and leasing [53]",-0.003
"916","2020","Quebec","Professional, scientific and technical services [54]",0.017
"917","2020","Quebec","Management of companies and enterprises [55]",-0.008
"918","2020","Quebec","Administrative and support, waste management and remediation services [56]",-0.067
"919","2020","Quebec","Educational services [61]",-0.062
"920","2020","Quebec","Health care and social assistance [62]",-0.074
"921","2020","Quebec","Arts, entertainment and recreation [71]",-0.072
"922","2020","Quebec","Accommodation and food services [72]",-0.159
"923","2020","Quebec","Other services (except public administration) [81]",-0.067
"924","2020","Quebec","Public administration [91]",-0.007
"925","2020","Ontario","All industries [T001]",-1.948
"926","2020","Ontario","Agriculture, forestry, fishing and hunting [11]",0.042
"927","2020","Ontario","Mining, quarrying, and oil and gas extraction [21]",-0.037
"928","2020","Ontario","Utilities [22]",-0.021
"929","2020","Ontario","Construction [23]",0.007
"930","2020","Ontario","Manufacturing [31-33]",-0.483
"931","2020","Ontario","Wholesale trade [41]",-0.046
"932","2020","Ontario","Retail trade [44-45]",-0.063
"933","2020","Ontario","Transportation and warehousing [48-49]",-0.382
"934","2020","Ontario","Information and cultural industries [51]",-0.032
"935","2020","Ontario","Finance and insurance [52]",0.183
"936","2020","Ontario","Real estate and rental and leasing [53]",0.081
"937","2020","Ontario","Professional, scientific and technical services [54]",-0.072
"938","2020","Ontario","Management of companies and enterprises [55]",-0.017
"939","2020","Ontario","Administrative and support, waste management and remediation services [56]",-0.161
"940","2020","Ontario","Educational services [61]",-0.146
"941","2020","Ontario","Health care and social assistance [62]",-0.189
"942","2020","Ontario","Arts, entertainment and recreation [71]",-0.16
"943","2020","Ontario","Accommodation and food services [72]",-0.277
"944","2020","Ontario","Other services (except public administration) [81]",-0.124
"945","2020","Ontario","Public administration [91]",-0.05
"946","2020","Manitoba","All industries [T001]",-0.157
"947","2020","Manitoba","Agriculture, forestry, fishing and hunting [11]",0.008
"948","2020","Manitoba","Mining, quarrying, and oil and gas extraction [21]",-0.013
"949","2020","Manitoba","Utilities [22]",0.005
"950","2020","Manitoba","Construction [23]",-0.026
"951","2020","Manitoba","Manufacturing [31-33]",-0.022
"952","2020","Manitoba","Wholesale trade [41]",0.003
"953","2020","Manitoba","Retail trade [44-45]",0
"954","2020","Manitoba","Transportation and warehousing [48-49]",-0.03
"955","2020","Manitoba","Information and cultural industries [51]",0
"956","2020","Manitoba","Finance and insurance [52]",0.007
"957","2020","Manitoba","Real estate and rental and leasing [53]",0.005
"958","2020","Manitoba","Professional, scientific and technical services [54]",-0.009
"959","2020","Manitoba","Management of companies and enterprises [55]",-0.001
"960","2020","Manitoba","Administrative and support, waste management and remediation services [56]",-0.006
"961","2020","Manitoba","Educational services [61]",-0.013
"962","2020","Manitoba","Health care and social assistance [62]",-0.016
"963","2020","Manitoba","Arts, entertainment and recreation [71]",-0.013
"964","2020","Manitoba","Accommodation and food services [72]",-0.02
"965","2020","Manitoba","Other services (except public administration) [81]",-0.009
"966","2020","Manitoba","Public administration [91]",-0.006
"967","2020","Saskatchewan","All industries [T001]",-0.185
"968","2020","Saskatchewan","Agriculture, forestry, fishing and hunting [11]",0.005
"969","2020","Saskatchewan","Mining, quarrying, and oil and gas extraction [21]",-0.054
"970","2020","Saskatchewan","Utilities [22]",-0.003
"971","2020","Saskatchewan","Construction [23]",-0.031
"972","2020","Saskatchewan","Manufacturing [31-33]",-0.018
"973","2020","Saskatchewan","Wholesale trade [41]",-0.003
"974","2020","Saskatchewan","Retail trade [44-45]",-0.004
"975","2020","Saskatchewan","Transportation and warehousing [48-49]",-0.019
"976","2020","Saskatchewan","Information and cultural industries [51]",-0.001
"977","2020","Saskatchewan","Finance and insurance [52]",0.007
"978","2020","Saskatchewan","Real estate and rental and leasing [53]",0
"979","2020","Saskatchewan","Professional, scientific and technical services [54]",-0.005
"980","2020","Saskatchewan","Management of companies and enterprises [55]",-0.001
"981","2020","Saskatchewan","Administrative and support, waste management and remediation services [56]",-0.006
"982","2020","Saskatchewan","Educational services [61]",-0.009
"983","2020","Saskatchewan","Health care and social assistance [62]",-0.014
"984","2020","Saskatchewan","Arts, entertainment and recreation [71]",-0.009
"985","2020","Saskatchewan","Accommodation and food services [72]",-0.016
"986","2020","Saskatchewan","Other services (except public administration) [81]",-0.007
"987","2020","Saskatchewan","Public administration [91]",0.001
"988","2020","Alberta","All industries [T001]",-1.251
"989","2020","Alberta","Agriculture, forestry, fishing and hunting [11]",0.024
"990","2020","Alberta","Mining, quarrying, and oil and gas extraction [21]",-0.318
"991","2020","Alberta","Utilities [22]",-0.011
"992","2020","Alberta","Construction [23]",-0.154
"993","2020","Alberta","Manufacturing [31-33]",-0.115
"994","2020","Alberta","Wholesale trade [41]",-0.051
"995","2020","Alberta","Retail trade [44-45]",-0.027
"996","2020","Alberta","Transportation and warehousing [48-49]",-0.149
"997","2020","Alberta","Information and cultural industries [51]",-0.011
"998","2020","Alberta","Finance and insurance [52]",0.039
"999","2020","Alberta","Real estate and rental and leasing [53]",-0.009
"1000","2020","Alberta","Professional, scientific and technical services [54]",-0.067
"1001","2020","Alberta","Management of companies and enterprises [55]",-0.007
"1002","2020","Alberta","Administrative and support, waste management and remediation services [56]",-0.066
"1003","2020","Alberta","Educational services [61]",-0.048
"1004","2020","Alberta","Health care and social assistance [62]",-0.067
"1005","2020","Alberta","Arts, entertainment and recreation [71]",-0.041
"1006","2020","Alberta","Accommodation and food services [72]",-0.091
"1007","2020","Alberta","Other services (except public administration) [81]",-0.06
"1008","2020","Alberta","Public administration [91]",-0.025
"1009","2020","British Columbia","All industries [T001]",-0.509
"1010","2020","British Columbia","Agriculture, forestry, fishing and hunting [11]",-0.008
"1011","2020","British Columbia","Mining, quarrying, and oil and gas extraction [21]",0.003
"1012","2020","British Columbia","Utilities [22]",0.008
"1013","2020","British Columbia","Construction [23]",0.048
"1014","2020","British Columbia","Manufacturing [31-33]",-0.061
"1015","2020","British Columbia","Wholesale trade [41]",-0.005
"1016","2020","British Columbia","Retail trade [44-45]",-0.007
"1017","2020","British Columbia","Transportation and warehousing [48-49]",-0.179
"1018","2020","British Columbia","Information and cultural industries [51]",-0.003
"1019","2020","British Columbia","Finance and insurance [52]",0.019
"1020","2020","British Columbia","Real estate and rental and leasing [53]",0.101
"1021","2020","British Columbia","Professional, scientific and technical services [54]",-0.016
"1022","2020","British Columbia","Management of companies and enterprises [55]",-0.004
"1023","2020","British Columbia","Administrative and support, waste management and remediation services [56]",-0.052
"1024","2020","British Columbia","Educational services [61]",-0.032
"1025","2020","British Columbia","Health care and social assistance [62]",-0.079
"1026","2020","British Columbia","Arts, entertainment and recreation [71]",-0.053
"1027","2020","British Columbia","Accommodation and food services [72]",-0.127
"1028","2020","British Columbia","Other services (except public administration) [81]",-0.05
"1029","2020","British Columbia","Public administration [91]",-0.013
"1030","2020","Yukon","All industries [T001]",0.002
"1031","2020","Yukon","Agriculture, forestry, fishing and hunting [11]",0
"1032","2020","Yukon","Mining, quarrying, and oil and gas extraction [21]",0.008
"1033","2020","Yukon","Utilities [22]",0
"1034","2020","Yukon","Construction [23]",-0.001
"1035","2020","Yukon","Manufacturing [31-33]",0
"1036","2020","Yukon","Wholesale trade [41]",0
"1037","2020","Yukon","Retail trade [44-45]",0
"1038","2020","Yukon","Transportation and warehousing [48-49]",-0.002
"1039","2020","Yukon","Information and cultural industries [51]",0
"1040","2020","Yukon","Finance and insurance [52]",0
"1041","2020","Yukon","Real estate and rental and leasing [53]",0
"1042","2020","Yukon","Professional, scientific and technical services [54]",0
"1043","2020","Yukon","Management of companies and enterprises [55]",0
"1044","2020","Yukon","Administrative and support, waste management and remediation services [56]",0
"1045","2020","Yukon","Educational services [61]",0
"1046","2020","Yukon","Health care and social assistance [62]",-0.001
"1047","2020","Yukon","Arts, entertainment and recreation [71]",0
"1048","2020","Yukon","Accommodation and food services [72]",-0.002
"1049","2020","Yukon","Other services (except public administration) [81]",0
"1050","2020","Yukon","Public administration [91]",0
"1051","2020","Northwest Territories","All industries [T001]",-0.021
"1052","2020","Northwest Territories","Agriculture, forestry, fishing and hunting [11]",0
"1053","2020","Northwest Territories","Mining, quarrying, and oil and gas extraction [21]",-0.013
"1054","2020","Northwest Territories","Utilities [22]",0
"1055","2020","Northwest Territories","Construction [23]",0.004
"1056","2020","Northwest Territories","Manufacturing [31-33]",0
"1057","2020","Northwest Territories","Wholesale trade [41]",-0.002
"1058","2020","Northwest Territories","Retail trade [44-45]",0
"1059","2020","Northwest Territories","Transportation and warehousing [48-49]",-0.006
"1060","2020","Northwest Territories","Information and cultural industries [51]",0
"1061","2020","Northwest Territories","Finance and insurance [52]",0
"1062","2020","Northwest Territories","Real estate and rental and leasing [53]",0
"1063","2020","Northwest Territories","Professional, scientific and technical services [54]",0
"1064","2020","Northwest Territories","Management of companies and enterprises [55]",0
"1065","2020","Northwest Territories","Administrative and support, waste management and remediation services [56]",0
"1066","2020","Northwest Territories","Educational services [61]",-0.001
"1067","2020","Northwest Territories","Health care and social assistance [62]",-0.001
"1068","2020","Northwest Territories","Arts, entertainment and recreation [71]",0
"1069","2020","Northwest Territories","Accommodation and food services [72]",-0.002
"1070","2020","Northwest Territories","Other services (except public administration) [81]",0
"1071","2020","Northwest Territories","Public administration [91]",0
"1072","2020","Nunavut","All industries [T001]",0.006
"1073","2020","Nunavut","Agriculture, forestry, fishing and hunting [11]",0
"1074","2020","Nunavut","Mining, quarrying, and oil and gas extraction [21]",0.013
"1075","2020","Nunavut","Utilities [22]",0
"1076","2020","Nunavut","Construction [23]",-0.005
"1077","2020","Nunavut","Manufacturing [31-33]",0
"1078","2020","Nunavut","Wholesale trade [41]",0
"1079","2020","Nunavut","Retail trade [44-45]",0
"1080","2020","Nunavut","Transportation and warehousing [48-49]",-0.001
"1081","2020","Nunavut","Information and cultural industries [51]",0
"1082","2020","Nunavut","Finance and insurance [52]",0
"1083","2020","Nunavut","Real estate and rental and leasing [53]",0.001
"1084","2020","Nunavut","Professional, scientific and technical services [54]",0
"1085","2020","Nunavut","Management of companies and enterprises [55]",0
"1086","2020","Nunavut","Administrative and support, waste management and remediation services [56]",0
"1087","2020","Nunavut","Educational services [61]",-0.001
"1088","2020","Nunavut","Health care and social assistance [62]",0
"1089","2020","Nunavut","Arts, entertainment and recreation [71]",0
"1090","2020","Nunavut","Accommodation and food services [72]",0
"1091","2020","Nunavut","Other services (except public administration) [81]",0
"1092","2020","Nunavut","Public administration [91]",0
